編號,鏈接,盒/文件夾,館藏標題,官/私(館藏),館藏日期,原文紀年,年份,時期,文書類型,交易性質,原文地名,縣,省,地區分組,標的/面積,價格原文,價格數值,單位,幣種分組,稅額原文,可信度,備註,頁數
pitt:31735066267786,https://digital.library.pitt.edu/islandora/object/pitt%3A31735066267786,"Box 1, Folder 1",Owner: 張炳財 [ZHANG Bingcai] -- Place: 福建省連城縣 [Fujian Sheng Liancheng Xian] -- Personal,Personal,1584,萬曆十二年十二月,1584,1 明 (–1643),清丈歸戶單,certificate,連城縣坐落表席里叁啚 大土名蓮花坑 小土名赤岭,連城縣,福建,連城縣,田壹坵 肆分陸厘,,,,,,medium,Ming land-survey household slip 呂字壹千伍百柒拾捌號; no price.,1
pitt:31735066267711,https://digital.library.pitt.edu/islandora/object/pitt%3A31735066267711,"Box 1, Folder 2",Seller: 范南山 [FAN Nanshan] -- Personal,Personal,1659,順治十六年二月,1659,2 清前期 (1644–1795),賣契,sale,鉄獅峯下□塝,,,不明,山 荒山一片內抽出一穴 (墓地),時值價銀伍錢正,0.5,兩(銀),銀兩,,high,范南山 賣與 劉宅 for burial site; 契面銀伍錢.,1
pitt:31735066267729,https://digital.library.pitt.edu/islandora/object/pitt%3A31735066267729,"Box 1, Folder 3",Seller: 徐正耀 [XU Zhengyao] -- Place: unknown -- Government,Government,1678,康熙十七年三月,1678,2 清前期 (1644–1795),賣契,sale,閩清縣十都添兜地方土名井兜厝,閩清縣,福建,閩清縣,厝屋壹座 (破屋、竹山、地基),價銀拾捌兩正,18,兩(銀),銀兩,,medium,"徐正耀賣與楊元?; 銀水九五色, 頂九五平.",1
pitt:31735066267943,https://digital.library.pitt.edu/islandora/object/pitt%3A31735066267943,"Box 3, Folder 121",Seller: 陳敬侯 [CHEN Jinghou] -- Buyer: 子秀 [ZI Xiu] -- Place: 福建省古田縣 [Fujian Sheng Gutian Xian] -- Government,Government,1924,乾隆二十四年三月 (契紙: 中華民國十三年十二月廿五日),1759,2 清前期 (1644–1795),賣契 (官契紙),sale,高洲三垱,古田縣,福建,古田縣,田 民田 弍畝,賣價弍拾肆兩正,24,兩(銀),銀兩,應納稅額叁元,low,"賣主陳敬侯 → 買主子秀; old 乾隆 deed registered on 民國13 (1924) 新領契紙. Third digit (肆) cursive, uncertain.",1
pitt:31735064607546,https://digital.library.pitt.edu/islandora/object/pitt%3A31735064607546,"Box 1, Folder 4",Owner: 黃毓扆 [HUANG Yuyi] -- Place: 福建省閩清縣 [Fujian Sheng Minqing Xian] -- Government,Government,1760 to 1767,乾隆貳拾伍年伍月,1760,2 清前期 (1644–1795),典契; 湊字,conditional sale (典),十一都地方土名和尚墘等處,閩清縣,福建,閩清縣,民田數號 (載租米伍碩…),田價銀陸拾叁兩正紋廣,63,兩(銀),銀兩,,medium,"黃毓扆 典契; 伍年限滿備銀取贖. 2nd doc: 乾隆叁拾貳年伍月(1767) 立湊字, 湊出制錢壹拾千文正 (10,000 文).",2
pitt:31735064607538,https://digital.library.pitt.edu/islandora/object/pitt%3A31735064607538,"Box 1, Folder 5",Seller: 許瓊栢 [XU Qiongbai] -- Buyer: 吳省忠 [WU Shengzhong] -- Place: 福建省永定縣 [Fujian Sheng Yongding Xian] -- Government,Government,1761 to 1762,乾隆貳拾陸年辛巳歲拾月初一日,1761,2 清前期 (1644–1795),賣山埔土窨契 + 契尾,sale,大溪邊磜下崗上,永定縣,福建,永定縣,山埔壹所 內土窨貳穴,價銀叁拾兩正,30,兩(銀),銀兩,納稅銀玖錢正,high,"許瓊栢等→吳省忠. 契尾 乾隆貳拾柒年捌月 (1762), 用價銀叁拾兩, 稅3%.",2
pitt:31735066237367,https://digital.library.pitt.edu/islandora/object/pitt%3A31735066237367,"Box 1, Folder 6",Seller: 徐幹通 [XU Gantong] -- Buyer: 熊孫? [XIONG Sun?] -- Place: 福建省南平縣 [Fujian Sheng Nanping Xian] -- Government,Government,1767,乾隆叁拾貳年拾貳月,1767,2 清前期 (1644–1795),賣契,sale,坐落土名小溪滁下壠 (峽陽二啚二甲),南平縣,福建,南平縣,苗田一段 (年收苗谷柒籮伍斗),契價紋銀貳兩貳錢正,2.2,兩(銀),銀兩,,medium,徐幹通 → 熊孫. Small price; amount split across columns (紋銀貳 / 兩貳錢正). 峽陽 is in 南平.,1
pitt:31735066237375,https://digital.library.pitt.edu/islandora/object/pitt%3A31735066237375,"Box 1, Folder 7",Seller: 李有定 [LI Youding] -- Buyer: 謝氏 [XIE] -- Place: 福建省閩清縣 [Fujian Sheng Minqing Xian] -- Government,Government,1779,乾隆四十四年拾月,1779,2 清前期 (1644–1795),湊字,supplementary payment (找/貼),閩清縣陳洋地方,閩清縣,福建,閩清縣,民田數號,湊出價銀貳兩五錢正,2.5,兩(銀),銀兩,,high,李有定→謝; original 典 in 乾隆叁拾壹(?)年; 加限叁年取贖.,1
pitt:31735064607678,https://digital.library.pitt.edu/islandora/object/pitt%3A31735064607678,"Box 1, Folder 9",Seller: 應梓龍 [YING Zilong] -- Buyer: 劉繼伍 [LIU Jiwu] -- Place: 福建省建陽縣 [Fujian Sheng Jianyang Xian] -- Government,Government,1782,乾隆肆拾柒年玖月,1782,2 清前期 (1644–1795),增找杜斷契,supplementary payment (找/貼),坐落瑶上橫窠游嶺黃厝壠 (建陽縣),建陽縣,福建,建陽縣,田皮,增找杜斷價紋銀壹拾柒兩正,17,兩(銀),銀兩,,medium,應梓龍 to 原買主劉 (繼伍). Additional 外用中見礼銀伍錢壹分. Earlier sale price mentioned in text partly illegible.,1
pitt:31735066267844,https://digital.library.pitt.edu/islandora/object/pitt%3A31735066267844,"Box 1, Folder 10",Seller: 可翅 [KE Chi] -- Place: unknown --Personal,Personal,1782,乾隆四十七年十二月,1782,2 清前期 (1644–1795),典契,conditional sale (典),坐貫廿五都 土名廖四田地方,,福建,不明,根面全民田壹號 丈計玖分 (海字號),典出價銀拾兩正 紋廣,10,兩(銀),銀兩,,medium,立繳典契 可翅 → 姪欽家; 糧立在廿五都四甲林兆鵬戶下; 六年為限.,1
pitt:31735066237334,https://digital.library.pitt.edu/islandora/object/pitt%3A31735066237334,"Box 1, Folder 8",Owner: 黃鴻吉 [HUANG Hongji] --Seller: 熊長生 [XIONG Changsheng] -- Buyer: 熊亨讀 [XIONG Hengdu] -- Place: 福建省古田縣 [Fujian Sheng Gutian Xian] -- Government,Government,1784 to 1830,乾隆肆拾玖年拾貳月,1784,2 清前期 (1644–1795),賣契 + 契尾,sale,本處土名俗呼門首亭下大坵 (古田縣),古田縣,福建,古田縣,民田壹號，受種壹拾伍石，該糧壹畝壹分貳厘伍毫,時值價銀壹拾玖兩廣正，每兩的錢捌百文正,19,兩(銀),銀兩,契尾: 稅銀壹兩伍錢正 (on 價銀伍拾兩),medium,"熊長生 sells to 侄亨讀; 5-year redemption clause (五拾叁年…備價贖回). Exchange 每兩折錢800文. Attached 契尾 道光拾年 (1830) 古田縣 業戶黃鴻吉, 道光二年買梁廷舉等民田叁畝, 坐落十八都土名報慈, 價銀伍拾兩正, 稅銀壹兩伍錢正 (3%).",2
pitt:31735064607652,https://digital.library.pitt.edu/islandora/object/pitt%3A31735064607652,"Box 1, Folder 11",Seller: 劉盛章 [LIU Shengzhang] --Buyer: 劉咸安 [LIU Xian'an] and 劉道建 [LIU Daojian] -- Place: 福建省建陽縣 [Fujian Sheng Jianyang Xian] -- Government,Government,1798,嘉慶叁年貳月,1798,3 清中期 (1796–1850),增找杜斷朽房屋地基契,supplementary payment (找/貼),坐落水北,建陽縣,福建,建陽縣,朽房屋地基 共計叁(?)間,增找杜斷契價紋銀捌兩正,8,兩(銀),銀兩,,high,劉盛章→本族劉咸安/道建; 外用中銀貳錢肆分.,1
pitt:31735066266523,https://digital.library.pitt.edu/islandora/object/pitt%3A31735066266523,"Box 1, Folder 12",Seller: 邱有本 [QIU Youben] 邱有炳 [QIU Youbing] and 邱傳學 [QIU Chuanxue] -- Place: 福建省閩清縣 [Fujian Sheng Minqing Xian] -- Personal,Personal,1802,嘉慶柒年貳月,1802,3 清中期 (1796–1850),盡契,supplementary payment (找/貼),閩清十七都半嶺橋頭裡炉地方 土名南倉下洋下分對面山等處,閩清縣,福建,閩清縣,民田數號,盡出價銀貳拾貳兩正紋廣,22,兩(銀),銀兩,,high,邱有本全弟有炳侄傳學 → 傅處 (乾隆年間已典); 限伍年後照各契面取贖.,1
pitt:31735064607660,https://digital.library.pitt.edu/islandora/object/pitt%3A31735064607660,"Box 1, Folder 13",Owner: 劉咸安 [LIU Xian'an] -- Place: 福建省建陽縣 [Fujian Sheng Jianyang Xian] -- Government,Government,1805,嘉慶十年五月,1805,3 清中期 (1796–1850),契尾,tax/registration,建陽縣,建陽縣,福建,建陽縣,,價銀貳拾肆兩,24,兩(銀),銀兩,納稅銀柒錢貳分(?),medium,業戶劉咸安 買 劉盛章 產. 肆 written like 律; 3% tax consistent with 24兩.,1
pitt:31735064607843,https://digital.library.pitt.edu/islandora/object/pitt%3A31735064607843,"Box 1, Folder 14",Seller: 趙守藻 [ZHAO Shouzao] -- Buyer: 林 [LIN] -- Place: 福建省侯官縣 [Fujian Sheng Houguan Xian] -- Government,Government,1805,嘉慶拾年伍月,1805,3 清中期 (1796–1850),轉典契,conditional sale (典),侯官縣草市都馬坑地方土名坑口,侯官縣,福建,福州核心(閩/侯官/閩侯/林森),民田面 (年載早晚租穀壹百柒拾觔)，計田多號,價銀壹拾肆兩正，每兩折錢捌百伍拾文,14,兩(銀),銀兩,,low,趙守藻 轉典 to 林; 約叁年為限取贖. Price digit partly under seal (壹拾肆兩?); rate 每兩折錢捌百伍拾文 (approx reading).,1
pitt:31735066237409,https://digital.library.pitt.edu/islandora/object/pitt%3A31735066237409,"Box 1, Folder 17",Owner: 羅? [LUO ?] -- Place: 安徽省歙縣 [Anhui Sheng She Xian] -- Government,Government,,嘉慶拾貳年,1807,3 清中期 (1796–1850),契尾,tax/registration,江南安徽 (歙縣),歙縣,安徽,歙縣,田 (業戶羅),價銀壹拾伍兩,15,兩(銀),銀兩,稅銀□錢伍分 (partly illegible),low,"Printed 江南安徽等處承宣布政使司 契尾, handwritten fields faint; 字第伍拾柒號(?).",1
pitt:31735066266705,https://digital.library.pitt.edu/islandora/object/pitt%3A31735066266705,"Box 1, Folder 15",Seller: 黃隆貫 [HUANG Longguan] -- Buyer: 陳國遠代陳國龍 [CHEN Huoyuan represents CHEN Guolong] -- Personal,Personal,1805 to 1808,嘉慶拾貳年八月 / 嘉慶拾年 / 嘉慶拾叁年十二月,1807,3 清中期 (1796–1850),租米收單,other,,,,不明,租米,,,,,,medium,"Rent-rice receipts by 黃隆貫 for 陳國遠代國龍; amounts e.g. 租米肆斗肆升正, 租米壹斗陸升; no sale price.",3
pitt:31735066267471,https://digital.library.pitt.edu/islandora/object/pitt%3A31735066267471,"Box 1, Folder 18",Seller: 劉欽達(違) [LIU Qinda(wei)] -- Buyer: 劉王建 [LIU Wangjian] -- Place: 福建省建陽縣 [Fujian Sheng Jianyang Xian] --Government,Government,1813,嘉慶十八年八月,1813,3 清中期 (1796–1850),契尾,sale,建陽縣,建陽縣,福建,建陽縣,田,用價銀叁拾伍兩,35,兩(銀),銀兩,納稅銀壹兩零伍分,medium,業戶刘王建 買刘欽達田; tax 3% consistent.,1
pitt:31735064607579,https://digital.library.pitt.edu/islandora/object/pitt%3A31735064607579,"Box 1, Folder 16",Owner: 吳秉鑒 [WU Bingjian] -- Seller: 吳秉鑒 [WU Bingjian] -- Buyer: 謝先經 [XIE Xianjing] -- Place: 福建省閩縣 [Fujian Sheng Min Xian] -- Government,Government,1805 to 1816,嘉慶貳拾壹年 (契尾); 轉典契 嘉慶十年六月,1816,3 清中期 (1796–1850),轉典契 / 契尾,sale,閩縣,閩縣,福建,福州核心(閩/侯官/閩侯/林森),屋,價銀肆拾兩正,40,兩(銀),銀兩,稅銀壹兩弍錢正,medium,"契尾: 業戶謝先經 買吳秉鑑屋, 布字肆萬柒千柒百拾伍號. 轉典契 by 吳秉鑑 dated 嘉慶十年六月 (1805); its body text/price not visible in images.",2
pitt:31735064607850,https://digital.library.pitt.edu/islandora/object/pitt%3A31735064607850,"Box 1, Folder 19",Seller: 趙守藻 [ZHAO Shouzao] -- Buyer: 林有柱 [LIN Youzhu] -- Place: 福建省侯官縣 [Fujian Sheng Houguan Xian] -- Government,Government,1817,嘉慶貳拾貳年貳月,1817,3 清中期 (1796–1850),契尾,sale,侯官縣,侯官縣,福建,福州核心(閩/侯官/閩侯/林森),田壹契,用價銀□拾□兩 (illegible under seal),,兩(銀),,納稅銀□兩□錢□分 (illegible),low,"業戶林有柱 買趙守藻田; amounts written over red seal, could not be read even at zoom.",1
pitt:31735066267687,https://digital.library.pitt.edu/islandora/object/pitt%3A31735066267687,"Box 1, Folder 20",Seller: 王志撥？ [WANG Zhibo] -- Buyer: 陳 [CHEN] -- Personal,Personal,,道光貳年閏叁月,1822,3 清中期 (1796–1850),典契,conditional sale (典),閩邑嘉崇里…衙地方,閩縣,福建,福州核心(閩/侯官/閩侯/林森),店屋 (前後兩座),屋價銀叁百兩正紋廣 外加修理銀(壹拾?)兩,300,兩(銀),銀兩,,medium,"王志拔 → 陳; 限伍年取贖. Extra 修理銀 amount unclear. Lists many 上手契 (乾隆/嘉慶 purchases, e.g. 價銀壹佰叁拾叁兩; 價銀壹百貳拾兩).",1
pitt:31735066266440,https://digital.library.pitt.edu/islandora/object/pitt%3A31735066266440,"Box 4, Folder 212",Owner: 慎方 [Shenfang] -- Place: 福建省連城縣 [Fujian Sheng Liancheng Xian] -- Government,Government,1827 to 1850,道光□年□月,1827,3 清中期 (1796–1850),契尾,tax/registration,連城縣,連城縣,福建,連城縣,業戶慎方 買 □ 田,,,,,,low,"Printed 契尾 布字貳千玖百捌拾貳號, 給連城縣業戶慎方. Handwritten price/tax fields (價銀 …) too faint/cursive to read; year digit illegible (metadata 1827-1850).",1
pitt:31735066237722,https://digital.library.pitt.edu/islandora/object/pitt%3A31735066237722,"Box 1, Folder 23",Seller: 黃隆貫 [HUANG Longguan] -- Buyer: 陳國遠 [CHEN Guoyuan] -- Place: unknown -- Personal,Personal,1829,道光九年七月廿八日,1829,3 清中期 (1796–1850),收字,other,,,,不明,租米,,,,,,high,Rent receipt: 黃隆貫 received from 陳國遠 旧欠租米壹石肆斗正. No land price.,1
pitt:31735066266572,https://digital.library.pitt.edu/islandora/object/pitt%3A31735066266572,"Box 1, Folder 22",Seller: 陳國遠（立票人） [CHENG Guoyuan] -- Buyer: 葉宜全（保票人） [YE Yiquan] -- Personal,Personal,1829,道光玖年二月,1829,3 清中期 (1796–1850),保票,other,,,,不明,租米 arrears,,,,,,high,"Three IOUs for rent arrears by 陳國遠, guarantor 葉宜全: 舊欠租米壹石壹斗, 壹石零玖升, 壹石伍斗弍升叁合叁勺; 過期每斗每月加利米叁合. No land price.",1
pitt:31735066266580,https://digital.library.pitt.edu/islandora/object/pitt%3A31735066266580,"Box 1, Folder 21",Seller: 陳國遠（立票人） [CHENG Guoyuan] -- Buyer: 葉宜全（保票人） [YE Yiquan] -- Personal,Personal,1829,道光玖年二月,1829,3 清中期 (1796–1850),票,other,,,,不明,,,,,,,high,"Two promissory notes by 陳國遠 for arrears rent rice: 租米壹石壹斗 and 壹石零玖升, due 辛卯年; interest 每斗每月加利米叁合; guarantor 葉宜全. No price.",1
pitt:31735066267976,https://digital.library.pitt.edu/islandora/object/pitt%3A31735066267976,"Box 1, Folder 24-1",Owner: 義容 [Yirong] -- Place: unknown -- Personal,Personal,1837,道光拾柒年拾月,1837,3 清中期 (1796–1850),分關書,division,十七都曲山地土名大墘(?)；田根糧米納在縣中侯處,,福建,不明,家產田業分配；抽養膳民田根壹號，受種貳斗，載租早米捌斗伍管,,,,,,medium,"Bound family division book (主鬮父義容, six sons 良和/良泰/良吉/良祿/良科/良捷, rooms 詩書易禮春秋). No price; viewed pages 1-3 and 10 of 11.",11
pitt:31735066266515,https://digital.library.pitt.edu/islandora/object/pitt%3A31735066266515,"Box 1, Folder 25",Seller: 葉國佑 [YE Guoyou] -- Buyer: 紳 [SHEN] -- Place: 福建省古田縣 [Fujian Sheng Gutian Xian] -- Government,Government,1839,道光拾玖年十壹月,1839,3 清中期 (1796–1850),典契,conditional sale (典),九都九保太平洋地方 土名俗叫裡洋中坂,古田縣,福建,古田縣,福屯田壹號 肆畝貳分 年收租早穀陸石,典價銀陸拾伍兩紋廣整,65,兩(銀),銀兩,,high,葉國佑→紳; 每兩折錢捌百捌拾文; 限伍年; 外有中用錢捌百文.,1
pitt:31735066266259,https://digital.library.pitt.edu/islandora/object/pitt%3A31735066266259,"Box 1, Folder 26",Owner: 林氏 [LIN Shi] -- Personal,Personal,1840,道光弍拾年,1840,3 清中期 (1796–1850),分關書(鬮書),division,,,福建,不明,田園山場屋宇 (大長房),,,,,,medium,母林氏 divides property between two sons; 大長房其祥 copy. No price.,1
pitt:31735066266408,https://digital.library.pitt.edu/islandora/object/pitt%3A31735066266408,"Box 1, Folder 27",Owner: 陳行典 [CHENG Xingdian] -- Place: 福建省閩清縣 [Fujian Sheng Minqing Xian] -- Personal,Personal,1840,道光貳拾年分,1840,3 清中期 (1796–1850),門牌 (禁鴉片保甲門牌),other,閩清縣上十七都,閩清縣,福建,閩清縣,,,,,,,high,"Household registration placard (正堂徐查禁鴉片派保門牌), 戶長陳行典, 以耕田為業. No price.",1
pitt:31735066266556,https://digital.library.pitt.edu/islandora/object/pitt%3A31735066266556,"Box 1, Folder 28",Seller: 劉孝良 [LIU Xiaoliang] -- Buyer: 林高滿 [LIN Gaoman] -- Place: 福建省閩清縣 [Fujian Sheng Minqing Xian] -- Government,Government,1840 to 1937,道光弍十年八月,1840,3 清中期 (1796–1850),分賣山契 + 賣契紙,sale,十四都重坑地方土名桔模坪等處 (閩清縣),閩清縣,福建,閩清縣,稅山壹所 及厝屋基地 (山場松杉竹木),價錢壹拾壹仟伍百文正,11500,文(銅錢),銅錢(文),賣契紙: 應納稅銀肆角捌分,medium,"劉孝良、孝清 sell to 林高滿. Also annual 山租錢壹百文. 1937 (民國廿六年五月廿七日) 福建省政府財政廳 賣契紙: 賣價拾弍圓, 稅 4%=0.48元.",2
pitt:31735066266457,https://digital.library.pitt.edu/islandora/object/pitt%3A31735066266457,"Box 1, Folder 29",Seller: 林忠 [LIN Zhong] and 林榮[LIN Rong]-- Buyer: 賴榮松 [LAI Rongsong] -- Place: Unknown -- Personal,Personal,1841,道光弍拾壹年辛丑二月十六日,1841,3 清中期 (1796–1850),當契,other,,,,不明,關帝季弍大股 (temple-festival rotation share),當過佛銀陸大圓正,6,佛銀(元),銀元,,high,立當季字 林忠榮兄弟 → 賴榮松; 每員每月行息弍分; not land.,1
pitt:31735066266366,https://digital.library.pitt.edu/islandora/object/pitt%3A31735066266366,"Box 1, Folder 30",Seller: 黃維裕 [HUANG Weiyu] and 黃維岑[HUANG Weicen] -- Personal,Personal,1842,道光貳拾貳年拾貳月念五日,1842,3 清中期 (1796–1850),合約字,other,,,福建,不明,田/池 (pond soil),,,,,,medium,黃惟裕/黃惟岑 dispute settlement over field & pond water; 池土 公估價錢叁百伍拾文 (350 文). Not a land sale.,1
pitt:31735066266374,https://digital.library.pitt.edu/islandora/object/pitt%3A31735066266374,"Box 1, Folder 31",Seller: 林厚成 [LIN Houcheng] and 林厚祿 [Lin Houlu] and 林厚祥 [Lin Houxiang] -- Buyer: 葉成 [YE Cheng] -- Place: 福建省侯官縣 [Fujian Sheng Houguan Xian] -- Personal,Personal,1844 to 1845,道光貳拾肆年貳月,1844,3 清中期 (1796–1850),典契,conditional sale (典),侯邑魁輔舖地方,侯官縣,福建,福州核心(閩/侯官/閩侯/林森),"店屋壹𣁽 (前進五柱, 後進叁柱, 樓閣地坪等)","店屋價銀陸拾伍兩正, 外貼修理銀伍兩, 共成柒拾兩正",70,兩(銀),銀兩,,medium,"林厚成 (with brothers 厚祿, 厚祥) → 葉家; 伍年為限取贖. Principal 65兩 + 5兩 repair. Second doc: 湊斷契 道光貳拾五年 (1845), 店屋價銀叁拾兩正, 共成壹百兩正 (cumulative 100兩). Later PRC 租經 stamp.",2
pitt:31735066267802,https://digital.library.pitt.edu/islandora/object/pitt%3A31735066267802,"Box 1, Folder 34",Owner: 葉成 [YE Cheng] --Seller: 林厚成 [LIN Houcheng] -- Buyer: 葉成 [YE Cheng] -- Place: 福建省閩侯縣和侯官縣[Fujian Sheng Minhou Xian and Houguan Xian] -- Government,Government,1854 to 1913,道光貳拾伍年陸月 (買受); 契尾咸豐肆年,1845,3 清中期 (1796–1850),契尾,sale,閩侯縣魁輔里地方 (侯官縣),侯官縣,福建,福州核心(閩/侯官/閩侯/林森),店屋壹棟,用價銀壹百兩,100,兩(銀),銀兩,納稅銀叁兩,high,"葉成 buys 林厚成店屋. 契尾 咸豐肆年 (1854) 侯官縣. 賣斷契單 民國貳年拾貳月 (1913, 福建國稅廳籌備處): 道光貳拾伍年陸月買受, 價銀壹百兩, 申銀壹百肆拾柒元(?).",2
pitt:31735066237417,https://digital.library.pitt.edu/islandora/object/pitt%3A31735066237417,"Box 1, Folder 32",Owner: 林元鼎 [LIN Yuanding] -- Place: 福建省古田縣 [Fujian Sheng Gutian Xian] -- Government,Government,1849,道光弍拾玖年拾弍月,1849,3 清中期 (1796–1850),契尾,sale,古田縣 本處 對面山等處,古田縣,福建,古田縣,山一所,價銀弍拾伍兩陸錢叁分,25.63,兩(銀),銀兩,稅銀柒錢陸分玖厘,medium,業戶林元昂 買林元樣山; tax = 3% consistent.,1
pitt:31735064607868,https://digital.library.pitt.edu/islandora/object/pitt%3A31735064607868,"Box 1, Folder 33",Seller: 林世奕 [LIN Shiyi] -- Buyer: 林 [LIN] -- Place: 福建省侯官縣 [Fujian Sheng Houguan Xian] -- Personal,Personal,1850,道光叁拾年玖月,1850,3 清中期 (1796–1850),賣田根契,conditional sale (典),侯邑三十八都白龍洋地方 土名圓坵 / 深田,侯官縣,福建,福州核心(閩/侯官/閩侯/林森),民田根 壹號大小伍坵 計官丈貳畝零 + 壹號 官丈壹畝伍分,田根價銀貳百兩正 平戥九七色,200,兩(銀),銀兩,,high,林世奕 → 林. 約伍年為限 照契面銀兩取贖 (redeemable).,1
pitt:31735068223258,https://digital.library.pitt.edu/islandora/object/pitt%3A31735068223258,"Box 1, Folder 33A",Seller: 游振梅 [pin yin] -- Buyer: 楊坤貞 [pin yin] -- Place: 福建省閩縣 [Fujian Sheng Min Xian] -- Personal,Personal,1850 to 1923,道光叁拾年拾壹月,1850,3 清中期 (1796–1850),賣斷契 + 契尾 + 官契紙(賣契) + 驗稅契證,sale,閩邑嘉崇里八圖壹甲四保鋪洲堤街地方,閩縣,福建,福州核心(閩/侯官/閩侯/林森),居屋壹座,賣斷出價銀玖拾陸兩正,96,兩(銀),銀兩,民國12年賣契 應納稅額捌元弍角叁(?),medium,"游振梅→楊坤貞. 賣契 form 民國十二年五月四日: 價壹百捌拾壹元, 原契清紅; 驗稅契證 民國十四年; 契尾 (道光) also attached.",1
pitt:31735066267885,https://digital.library.pitt.edu/islandora/object/pitt%3A31735066267885,"Box 1, Folder 35",Seller: 陳士曾 [CHEN Shizeng] -- Place: unknown -- Government,Government,1858,咸豐八年十二月,1858,4 清晚期 (1851–1911),賣斷田契,sale,侯邑廿八都富村地方土名過圳,侯官縣,福建,福州核心(閩/侯官/閩侯/林森),根面全田 官丈壹畝捌分零 (年納租穀叁百肆拾伍觔),南街銅錢票壹百叁拾千文正,130000,文(銅錢),銅錢(文),,high,陳士曾 → 堂兄陳士慶; paid in 錢票 (cash notes).,1
pitt:31735064607454,https://digital.library.pitt.edu/islandora/object/pitt%3A31735064607454,"Box 1, Folder 36",Seller: 张华富 [ZHANG Huafu] -- Personal,Personal,1862,同治壬戌元年柒月,1862,4 清晚期 (1851–1911),賣斷山契,sale,田里南坑土名鳳坑仔,,,不明,山 皮骨茶山壹片 (茶、梧桐、竹、雜木),時值價銅錢捌仟伍百文正,8500,文(銅錢),銅錢(文),,high,張華富 賣斷與 程金寶.,1
pitt:31735064607728,https://digital.library.pitt.edu/islandora/object/pitt%3A31735064607728,"Box 1, Folder 37",Seller: 楊兆通 [YANG Zhaotong] -- Buyer: 林 [LIN] -- Personal,Personal,1862,同治元年八月,1862,4 清晚期 (1851–1911),典田根契,conditional sale (典),侯邑三十八都白龍壇路,侯官縣,福建,福州核心(閩/侯官/閩侯/林森),田根,田根價銀貳百捌拾叁兩伍錢正,283.5,兩(銀),銀兩,,high,Pre-verified example. 楊兆通 → 林; 每兩銀折銅錢柒百伍拾文; 叁年為限取贖.,1
pitt:31735066267448,https://digital.library.pitt.edu/islandora/object/pitt%3A31735066267448,"Box 1, Folder 38",Seller: 黃志林 [HUANG Zhilin] -- Buyer: 劉子珜 [LIU Ziyang] -- Personal,Personal,,同治貳年拾二月,1863,4 清晚期 (1851–1911),增找字,supplementary payment (找/貼),,,,不明,田 (租米數),增找出洋銀叁兩正,3,番銀,銀元,,high,黃志林→買主劉子珜; 外用中見札洋銀壹錢.,1
pitt:31735066237359,https://digital.library.pitt.edu/islandora/object/pitt%3A31735066237359,"Box 1, Folder 39",Owner: 張利禧 [ZHANG Lixi] --Seller: 鄭嬌姑 [ZHENG Jiaogu] -- Buyer: 鄭淳氏 [ZHENGchunshi] -- Place: 福建省古田縣 [Fujian Sheng Gutian Xian] -- Government,Government,1864 to 1872,同治叁年叁月,1864,4 清晚期 (1851–1911),會貼盡契,supplementary payment (找/貼),(古田縣) 民田 土名 東洋及溪井(?),古田縣,福建,古田縣,民田一號(?),價銀伍拾兩正,50,兩(銀),銀兩,契尾: 稅銀肆兩貳錢正,medium,"鄭門鄭氏嬌姑 會貼盡契 (1864): 出價銀伍拾兩, 其銀每兩扣錢?百貳拾文 (unclear); 外中用銀壹兩五錢. Attached 契尾 同治拾壹年 (1872), 古田縣 業戶張利禧 買 田, 價銀壹百肆拾兩, 稅銀肆兩貳錢 (3%).",2
pitt:31735068223266,https://digital.library.pitt.edu/islandora/object/pitt%3A31735068223266,"Box 1, Folder 39A",Seller: 吳開揚 [WU Kaiyang] -- Buyer: 陳世旺 [CHEN Shiwang] -- Place: 福建省閩縣 [Fujian Sheng Min Xian] -- Government,Government,1864,同治叁年捌月,1864,4 清晚期 (1851–1911),契尾,tax/registration,閩縣,閩縣,福建,福州核心(閩/侯官/閩侯/林森),屋,價陸拾伍兩,65,兩(銀),銀兩,納稅銀壹兩玖錢伍分,medium,業戶陳世旺 買 吳開揚 屋; tax 3%.,1
pitt:31735066266267,https://digital.library.pitt.edu/islandora/object/pitt%3A31735066266267,"Box 1, Folder 40",Seller: 德詮（僧人） [Dequan] -- Place: 福建省侯官縣 [Fujian Sheng Houguan Xian] -- Government,Government,1866,同治肆年拾弍月,1865,4 清晚期 (1851–1911),賣斷契,sale,侯邑草市都馬坑等處地方,侯官縣,福建,福州核心(閩/侯官/閩侯/林森),寺田面叁號，計官丈弍畝叁分弍厘伍毛捌忽，年載面租穀肆百肆拾壹觔,田面價鏡銀壹拾捌兩正 (庫平),18,兩(銀),銀兩,,medium,Monk 僧德詮 sells temple field-surface to 林 to repair 佛殿. Lunar 12th month of 同治4 may fall in early 1866 (metadata 1866).,1
pitt:31735064607447,https://digital.library.pitt.edu/islandora/object/pitt%3A31735064607447,"Box 1, Folder 41",Seller: 林春源 [LIN Chunyuan] -- Place: 福建省閩邑 [Fujian Sheng Min Yi] -- Personal,Personal,1866,同治伍年叁月,1866,4 清晚期 (1851–1911),賣斷契,sale,閩邑嘉崇里秋龍巷地方,閩縣,福建,福州核心(閩/侯官/閩侯/林森),貳柱破屋壹直叁堵 + 殘地壹塊,地屋價足色鏡銀庫砝壹拾貳兩正,12,兩(銀),銀兩,,high,林春源 → 王.,1
pitt:31735064607835,https://digital.library.pitt.edu/islandora/object/pitt%3A31735064607835,"Box 1, Folder 42",Seller: 楊鵬超（出租） [YANG Pengchao] -- Buyer: 林 [LIN] -- Place: 福建省侯官縣 [Fujian Sheng Houguan Xian] -- Government,Government,1866 to 1871,同治伍年肆月,1866,4 清晚期 (1851–1911),撥繳典契 + 契尾,conditional sale (典),侯邑西關外某市都井邊亭地方,侯官縣,福建,福州核心(閩/侯官/閩侯/林森),民田面壹號 (官丈叁畝陸分零),田價銀貳拾玖兩柒錢伍分正紋廣,29.75,兩(銀),銀兩,契尾(同治拾年叁月) 納稅銀捌錢玖分貳厘伍毛,medium,楊鵬超 → 林處; 面約贖田之日每兩銀折錢捌百伍拾文; 契尾 同治10年 價貳拾玖兩柒錢伍分. Area reading uncertain.,2
pitt:31735066237565,https://digital.library.pitt.edu/islandora/object/pitt%3A31735066237565,"Box 1, Folder 43",Owner: 劉景茂 [LIU Jingmao] -- Place: 福建省建陽縣 [Fujian Sheng Jianyang Xian] -- Government,Government,1867,同治陸年六月,1867,4 清晚期 (1851–1911),契尾,tax/registration,建陽縣,建陽縣,福建,建陽縣,田,用價銀叁拾壹兩,31,兩(銀),銀兩,,medium,布字貳千壹百貳拾伍號 契尾; 業戶劉景茂 買 饒應壽 田. First digit read 叁 (cursive). Tax amount torn.,1
pitt:31735066266473,https://digital.library.pitt.edu/islandora/object/pitt%3A31735066266473,"Box 1, Folder 44",Seller: 林邦端 [LIN Bangduan] -- Buyer: 程利欲 [Cheng Liyu] and 程利霖[Cheng Lilin] -- Place: 福建省閩侯縣 [Fujian Sheng Minhou Xian] -- Government,Government,1868 to 1916,同治柒年拾弍月,1868,4 清晚期 (1851–1911),典契,conditional sale (典),三十五都土名尚灣樓裡巃地方,閩縣,福建,福州核心(閩/侯官/閩侯/林森),"根面全田 (田伍分零 in 廖田墘), 載糧叁分零",價銀伍拾陸兩正,56,兩(銀),銀兩,契單 民國五年: 應納稅銀弍元,medium,"林邦端典與程利欲(霖); 每兩銀折銅錢捌百伍拾文; 伍年為限取贖. 盡斷契 同治拾弍年拾弍月 (1873) 盡斷出滿價錢弍仟文. 契單 民國五年十二月 (1916) 呼尚灣地方 田地壹畝叁分 定價銀肆拾玖元, 稅銀弍元. County per 契單 閩侯縣 (Qing: 閩/侯官 not stated).",3
pitt:31735066237391,https://digital.library.pitt.edu/islandora/object/pitt%3A31735066237391,"Box 1, Folder 46",Seller: ?輝煌 [? Huihuang] -- Buyer: 蘇坐標 [SU Zuobiao] -- Place: 福建省屏南縣 [Fujian Sheng Pingnan Xian] -- Government,Government,1869,同治八年十二月,1869,4 清晚期 (1851–1911),直根批,sale,本處土名俗叫烏石后半嶺及四垬 (三石鄉),屏南縣,福建,屏南縣,田根 民田三號 共二畝四分,時值根價錢肆拾壹千陸百文正,41600,文(銅錢),銅錢(文),,medium,宗弟輝煌 立直根批 to 蘇作標 (根主). 12th month of 同治8 falls in early 1870.,2
pitt:31735066237573,https://digital.library.pitt.edu/islandora/object/pitt%3A31735066237573,"Box 1, Folder 48",Owner: 王元靄 [WANG Yuanai] --Seller: 林春源 [LIN Chunyuan] -- Buyer: 王元靄 [WANG Yuanai] -- Place: 福建省閩侯縣 [Fujian Sheng Minhou Xian] -- Government,Government,1869 to 1928,同治捌年拾貳月,1869,4 清晚期 (1851–1911),賣斷契,sale,閩邑文山舖秋龍巷,閩縣,福建,福州核心(閩/侯官/閩侯/林森),屋壹座 (西向東厝屋及基地),屋價足色庫砝銀叁拾兩正,30,兩(銀),銀兩,"民國斷賣契單: 紙價壹元; 驗稅契證 1928: 紙價壹元伍角, 註冊費壹角, 教育費壹角",medium,"林春源 → 王元靄. Also 福建國稅廳斷賣契單 (民國貳年拾壹月, 原價銀叁拾兩, 丙申銀肆拾肆?) and 福建財政廳驗稅契證 (民國十七年十一月?) giving 產價肆拾肆元?; 'county' 閩縣 per deed (閩邑), later 閩侯縣.",3
pitt:31735066267737,https://digital.library.pitt.edu/islandora/object/pitt%3A31735066267737,"Box 1, Folder 45",Seller: 黃奶壽 [HUANG Naishou] -- Personal,Personal,1869,同治捌年十二月,1869,4 清晚期 (1851–1911),賣斷契,sale,坐落任得里虞墩土名火田仔,,福建,不明,皮骨杉木竹山壹片,契價洋銀捌兩正,8,番銀,銀元,,high,黃奶壽 → 程金寶. Same locality as pitt:31735066266317.,1
pitt:31735066268040,https://digital.library.pitt.edu/islandora/object/pitt%3A31735066268040,"Box 1, Folder 47",Owner: 阮承苑 [RUAN Chengyuan] --Seller: 黃象智 [HUANG Xiangzhi] and 劉貞文[LIU Zhenwen] -- Buyer: 劉貞文 [ LIU Zhenwen] and 陸元盛 [LU Yuansheng]-- Place: 福建省古田縣 [Fujian Sheng Gutian Xian] -- Government,Government,1869 to 1899,同治八年十二月,1869,4 清晚期 (1851–1911),賣斷山契,sale,本都浙山村地方 土名裕叫 (小溪南山壠大崗),古田縣,福建,古田縣,山場壹所 (樹木),時值山價錢肆仟文正,4000,文(銅錢),銅錢(文),(契尾) 納稅銀叁兩零叁分壹厘捌毫,medium,"黃象智 → 劉貞文 (1869). 2) 光緒拾捌年十二月 (1892) 當山契 劉貞文 → 陸元盛: 借出錢肆仟文, 利息加貳伍分. 3) 契尾 光緒貳拾伍年拾月 (1899) 古田縣業戶阮承苑 復典斷阮大厚等民田三號 共田叁畝貳分: 價銀壹百零壹兩零陸分, 稅叁兩零叁分壹厘捌毫.",3
pitt:31735064607488,https://digital.library.pitt.edu/islandora/object/pitt%3A31735064607488,"Box 2, Folder 71",Seller: 吳開成 [WU Kaicheng] -- Buyer: 陳氏 [Chenshi] -- Place: 福建省閩邑（縣） [Fujian Sheng Min Xian] -- Government,Government,1890,同治玖年十一月,1870,4 清晚期 (1851–1911),賣斷契,sale,閩邑橫街鋪地方,閩縣,福建,福州核心(閩/侯官/閩侯/林森),厝屋 (居屋),屋價鏡銀陸拾捌兩正,68,兩(銀),銀兩,,high,"吳開成仝姪瑞枝長庚→陳家. Doc says 同治玖年 (1870), metadata says 1890. Same house as pitt:31735066266424 (契尾 同治拾貳年, 68兩).",1
pitt:31735066237342,https://digital.library.pitt.edu/islandora/object/pitt%3A31735066237342,"Box 1, Folder 49",Owner: 張蘭芬 [ZHANG Lanfen] --Seller: 張昌暢 [ZHANG Changchang] -- Buyer: （張）邦昔 [(ZHANG) Bangxi] -- Place: 福建省屏南縣和古田縣 [Fujian Sheng Pingnan Xian and Gutian Xian] -- Government,Government,1870 to 1907,同治玖年五月,1870,4 清晚期 (1851–1911),典契,conditional sale (典),本處 草坂,古田縣,福建,古田縣,民田壹號 該糧捌分正,出價銀貳拾伍兩正,25,兩(銀),銀兩,(契尾) 納稅銀壹兩柒錢肆分正,high,"張昌暢 → 邦昔. 契尾 光緒叁拾叁年拾月 (1907) 古田縣業戶張蘭芬: 契價銀伍拾捌兩正, 稅壹兩柒錢肆分. County per 契尾 古田 (title says 屏南/古田).",2
pitt:31735066266317,https://digital.library.pitt.edu/islandora/object/pitt%3A31735066266317,"Box 2, Folder 51",Seller: 程姑仔 [CHENG Guzai] -- Buyer: 金寶 [JIN Bao] -- Personal,Personal,1870,同治玖年四月,1870,4 清晚期 (1851–1911),賣斷契,sale,坐落由里上溪后土名畬樂重 / 任里虞墩土名石嶺后,,福建,不明,雜木杉松茶山貳片,契價洋銀拾貳兩正,12,番銀,銀元,,high,程姑仔 → 血叔翁金寶; 洋銀 counted in 兩. Added 批 光緒二十七年 boundary note.,1
pitt:31735064607587,https://digital.library.pitt.edu/islandora/object/pitt%3A31735064607587,"Box 1, Folder 50",Seller: 方元慈 [FANG Yuanci] -- Buyer: 方潮濤 [FANG Chaotao] -- Place: 福建省閩侯縣 [Fujian Sheng Minhou Xian] -- Government,Government,1871 to 1913,同治拾年拾壹月,1871,4 清晚期 (1851–1911),賣斷根面全田契 + 契單 + 驗契證,sale,侯邑三十九都 地方土名圳仔墘,侯官縣,福建,福州核心(閩/侯官/閩侯/林森),根面全田 大小叁坵 官丈貳畝貳分零,價錢壹百壹拾伍千文正,115000,文(銅錢),銅錢(文),,high,方元慈 → 兄方潮濤 (brothers). 斷賣契單 民國貳年拾壹月(1913) 原價銀…申銀壹百壹拾伍元; 閩侯縣已稅契驗契證 民國24年 產價一百一十五千文.,4
pitt:31735066237383,https://digital.library.pitt.edu/islandora/object/pitt%3A31735066237383,"Box 2, Folder 52",Seller: 陳裔煌 [CHEN Yihuang] -- Buyer: 鄭璟 [ZHENG Jing] -- Place: 福建省古田縣 [Fujian Sheng Gutian Xian] -- Government,Government,1872,同治拾壹年十二月,1872,4 清晚期 (1851–1911),典契,conditional sale (典),本處地方土名俗叫棋盤,古田縣,福建,古田縣,民田壹號 田貳畝伍分,典價銀肆拾柒兩伍錢紋廣正,47.5,兩(銀),銀兩,,high,陳裔煌全弟裔輝 → 鄭處; 每兩折錢捌百肆拾文; 限伍年.,1
pitt:31735066237441,https://digital.library.pitt.edu/islandora/object/pitt%3A31735066237441,"Box 2, Folder 103",Owner: 雷汝知 [LEI Ruzhi] -- Place: 福建省古田縣 [Fujian Sheng Gutian Xian] -- Government,Government,1915,同治十二年十二月 (契單: 中華民國四年十二月),1873,4 清晚期 (1851–1911),典按契單,tax/registration,古田縣本都梅坪地方,古田縣,福建,古田縣,田 民田壹號,議定價銀肆拾弍兩,42,兩(銀),銀兩,應納稅銀弍元,medium,福建財政廳 典按契單 issued 民國4年(1915) to 業戶雷汝知 for a 典 made in 同治12年.,1
pitt:31735066266424,https://digital.library.pitt.edu/islandora/object/pitt%3A31735066266424,"Box 2, Folder 53",Seller: 吳開成 [WU Kaicheng] -- Buyer: 陳 [CHEN] -- Place: 福建省閩縣 [Fujian Sheng Min Xian] -- Government,Government,1873,同治拾貳年玖月,1873,4 清晚期 (1851–1911),契尾,tax/registration,閩縣 …路,閩縣,福建,福州核心(閩/侯官/閩侯/林森),屋 (買吳開成屋),用價銀陸拾捌兩正,68,兩(銀),銀兩,納稅銀貳兩…(partly illegible),high,業戶陳 買 吳開成屋; matches 68兩 deed pitt:31735064607488.,1
pitt:31735064607694,https://digital.library.pitt.edu/islandora/object/pitt%3A31735064607694,"Box 2, Folder 97",Seller: 林應香 [LIN Yingxiang] -- Buyer: 林萬開 [LIN Wankai] -- Place: 福建省閩侯縣 [Fujian Sheng Minhou Xian] -- Government,Government,1913,清光緒元年拾貳月 (契單 中華民國貳年拾貳月),1875,4 清晚期 (1851–1911),斷賣契單,tax/registration,閩侯縣草市都馬坑地方,閩侯縣,福建,福州核心(閩/侯官/閩侯/林森),田地貳畝叁分零,原價銀[torn]兩 申銀壹百零捌元,108,元(銀元),銀元,,low,林應香 → 林萬開; 1913 驗契 契單 for 1875 purchase. Original 兩 figure torn; 申銀壹百零捌元 增加貳拾(?)元. 紙價壹元叁角(?).,1
pitt:31735064607785,https://digital.library.pitt.edu/islandora/object/pitt%3A31735064607785,"Box 2, Folder 54",Seller: 林應香 [LIN Yingxiang] -- Buyer: 林萬開 [LIN Wankai] -- Place: 福建省閩侯縣 [Fujian Sheng Minhou Xian] -- Government,Government,1875,光緒元年拾貳月,1875,4 清晚期 (1851–1911),賣斷根面契,sale,侯官邑西關外草市都馬坑地方,侯官縣,福建,福州核心(閩/侯官/閩侯/林森),田 根面全民田數號,田價錢壹百零捌千文,108000,文(銅錢),銅錢(文),,medium,林應香 → 族兄林萬開.,1
pitt:31735064607520,https://digital.library.pitt.edu/islandora/object/pitt%3A31735064607520,"Box 2, Folder 55",Seller: 祿中 [Luzhong] -- Place: 福建省永安縣 [Fujian Sheng Yongan Xian] -- Government,Government,1876,光緒二年丙子十二月廿七日,1876,4 清晚期 (1851–1911),杜賣契,sale,土名下屋仔虎形地堂下塘仔 (本邑),永安縣,福建,永安縣,"田皮骨 (下禾田) 一坵, 民米載本邑",時值盡骨價銀壹拾柒員正,17,元(銀元),銀元,,medium,立杜賣田皮骨契 祿中 → 本家吉昌; county from metadata.,1
pitt:31735066266648,https://digital.library.pitt.edu/islandora/object/pitt%3A31735066266648,"Box 2, Folder 56",Seller: 康宗瑞 [KANG Zongrui] -- Buyer: 陳連孫 [CHEN Liansun] -- Personal,Personal,1879,光緒己卯伍年貳月,1879,4 清晚期 (1851–1911),盡根斷賣契,sale,坐在庵後落徑能幹黃(?)墘,,福建,不明,民園壹段，計額柒分,時值實價盡根賣出九五成色銀念拾壹兩廣戥正,21,兩(銀),銀兩,,high,"康宗瑞 sells to 陳連孫; 九五成色 silver, 廣戥.",1
pitt:31735064607801,https://digital.library.pitt.edu/islandora/object/pitt%3A31735064607801,"Box 2, Folder 57",Seller: 林春發 [LIN Chunfa] -- Buyer: 林萬開 [LIN Wankai] -- Place: 福建省閩侯縣 [Fujian Sheng Minhou Xian] -- Government,Government,1881,光緒柒年拾貳月,1881,4 清晚期 (1851–1911),賣斷田根契,sale,侯邑西關外白龍壇路地方土名鯽魚坵牛頭長坵等,侯官縣,福建,福州核心(閩/侯官/閩侯/林森),田根 田大小三坵 池壹口 共四坵 官丈貳畝五分零,田根價錢壹百壹拾千文,110000,文(銅錢),銅錢(文),,high,林春發 → 族叔林萬開. Metadata says 閩侯縣; deed says 侯邑.,1
pitt:31735064607751,https://digital.library.pitt.edu/islandora/object/pitt%3A31735064607751,"Box 2, Folder 58",Seller: 林秋溥 [LIN Qiupu] -- Buyer: 林萬開 [LIN Wankai] -- Place: 福建省侯官縣 [Fujian Sheng Houguan Xian] -- Government,Government,1884,光緒拾年叁月,1884,4 清晚期 (1851–1911),撥典田面契,conditional sale (典),侯邑西關外三十八都馬坑白龍地方土名白龍東洋大塍邊水流坵圓坵等處,侯官縣,福建,福州核心(閩/侯官/閩侯/林森),田面 伍號 計官丈肆畝捌分零，年載租穀捌百陸拾觔,田面價鏡銀肆拾肆兩正 (大錠庫鉬),44,兩(銀),銀兩,,high,林秋溥 撥典 to 堂兄林萬開; originally 典得何德興民田面. 照契面銀兩取贖.,1
pitt:31735064607769,https://digital.library.pitt.edu/islandora/object/pitt%3A31735064607769,"Box 2, Folder 59",Seller: 林萬利 [LIN Wanli] -- Buyer: 官方政府 [Government] -- Place: 福建省侯官縣 [Fujian Sheng Houguan Xian] -- Government,Government,1884,光緒拾年拾月,1884,4 清晚期 (1851–1911),典田面契,conditional sale (典),侯邑西關外草市都井邊亭地方,侯官縣,福建,福州核心(閩/侯官/閩侯/林森),民田面壹號 官丈叁畝陸厘壹毫…; 年共應面租穀捌百伍拾觔,出田面價銀壹拾兩正 紋廣,10,兩(銀),銀兩,,medium,"林萬利 → (典主) ; 契面銀兩每兩銀折銅錢捌百伍拾文 (reading); same 林萬利 property appears in pitt:31735066266275 契尾 (1886, 價銀壹拾兩).",1
pitt:31735064607413,https://digital.library.pitt.edu/islandora/object/pitt%3A31735064607413,"Box 2, Folder 60",Owner: 高恭地[GAO Gongdi] -- Place: 福建省福清縣[Fujian Sheng Fuqing Xian] -- Government,Government,1886,光緒拾弍年捌月,1886,4 清晚期 (1851–1911),契尾,sale,福清縣 高山市街 (石莲店),福清縣,福建,福清縣,石莲店一間,用價銀陸拾叁兩捌錢玖分,63.89,兩(銀),銀兩,納稅銀壹兩玖錢壹分陸厘柒毛,high,"業戶高恭地; tax = 3% of price, consistent.",1
pitt:31735066266275,https://digital.library.pitt.edu/islandora/object/pitt%3A31735066266275,"Box 2, Folder 61",Owner: 林萬利 [LIN Wanli] -- Place: 福建省侯官縣 [Fujian Sheng Houguan Xian] -- Government,Government,1886,光緒拾弍年叁月,1886,4 清晚期 (1851–1911),契尾,sale,侯官縣,侯官縣,福建,福州核心(閩/侯官/閩侯/林森),田 (買林萬利田),用價銀壹拾兩,10,兩(銀),銀兩,納稅銀叁錢,medium,業戶 '官' (government buyer per metadata) 買林萬利田; cf. pitt:31735064607769.,1
pitt:31735066267828,https://digital.library.pitt.edu/islandora/object/pitt%3A31735066267828,"Box 2, Folder 62",Seller: 王師禮 [WANG Shili] -- Buyer: 許大華 [XU Dahua] -- Place: 福建省閩侯縣 [Fujian Sheng Minhou Xian] -- Government,Government,1886 to 1913,光緒拾貳年拾壹月,1886,4 清晚期 (1851–1911),賣斷契,sale,閩邑嘉崇里下陣洋地方 土名倒模坵,閩縣,福建,福州核心(閩/侯官/閩侯/林森),民田根面全貳號 計官丈貳畝捌分伍釐零,賣斷價銀陸拾伍兩正 (紋廣銀),65,兩(銀),銀兩,契單 紙價壹元,high,王師禮 → 許大華. 斷賣契單 民國貳年拾壹月 (1913) 驗契: 原價銀陸拾伍兩 申銀玖拾伍元.,2
pitt:31735064607470,https://digital.library.pitt.edu/islandora/object/pitt%3A31735064607470,"Box 2, Folder 63",Seller: 王錦發 [WANG Jinfa] -- Buyer: 王錦枝 [WANG Jinzhi] -- Place: 福建省閩縣 [Fujian Sheng Min Xian ] -- Personal,Personal,1887,光緒拾叁年叁月,1887,4 清晚期 (1851–1911),賣斷契,sale,閩邑橫山舖秋龍社地方,閩縣,福建,福州核心(閩/侯官/閩侯/林森),店屋 右邊店面半𣁽,店屋價錠銀柒拾伍兩正 庫砝大錠白足色足兌,75,兩(銀),銀兩,,high,王錦發 → 堂兄王錦枝.,1
pitt:31735064607876,https://digital.library.pitt.edu/islandora/object/pitt%3A31735064607876,"Box 2, Folder 67",Seller: 林萬開 [LIN Wankai] -- Buyer: 林秋溥 [LIN Qiupu] -- Place: 福建省侯官縣 [Fujian Sheng Houguan Xian] -- Government,Government,1888,光緒拾叁年拾壹月,1887,4 清晚期 (1851–1911),契尾,tax/registration,三十八都,侯官縣,福建,福州核心(閩/侯官/閩侯/林森),田,價銀肆拾肆兩,44,兩(銀),銀兩,稅銀壹兩叁錢弍分,medium,"契尾 侯字壹萬叁千拾陸號; 業戶林萬開 買林秋溥田 (契尾 lists 林萬開 as buyer, metadata the reverse). Year could be 拾肆 (1888) per metadata; tax 3%.",1
pitt:31735066237698,https://digital.library.pitt.edu/islandora/object/pitt%3A31735066237698,"Box 2, Folder 65",Place: unknown -- Personal,Personal,1887,光緒拾叁年,1887,4 清晚期 (1851–1911),收字 (租谷收據),other,,,,不明,苗米,,,,,苗米壹斗正,medium,"Two receipts: 收侄道奎處理納本年份苗米壹斗正 (光緒十三年) and 拾四年份苗米壹斗 — grain rent/tax receipts, no price.",2
pitt:31735066267893,https://digital.library.pitt.edu/islandora/object/pitt%3A31735066267893,"Box 2, Folder 64",Seller: 陳必清 [CHEN Biqing] -- Buyer: 陳必泉 [CHEN Biquan] -- Place: 福建省閩縣 [Fujian Sheng Min Xian] -- Government,Government,1887,光緒拾叁年拾壹月,1887,4 清晚期 (1851–1911),典契,conditional sale (典),閩邑嘉崇里橫街鋪惠澤境茶葉街地方,閩縣,福建,福州核心(閩/侯官/閩侯/林森),墻屋全座,典出墻屋價鏡銀弍百兩正,200,兩(銀),銀兩,,high,陳必清→陳必泉; 約伍年為限.,1
pitt:31735066266382,https://digital.library.pitt.edu/islandora/object/pitt%3A31735066266382,"Box 2, Folder 66",Seller: 陸元規 [LU Yuangui] -- Buyer: 陸元賜 [LU Yuanci] -- Place: 福建省古田縣 [Fujian Sheng Gutian Xian] -- Government,Government,1888 to 1913,光緒拾肆年十一月,1888,4 清晚期 (1851–1911),典契 + 典按契單,conditional sale (典),嵩卅(?)溪裡地方 土名俗叫葛…,古田縣,福建,古田縣,建屯田壹號 (叁畝?),價銀叁拾陸兩紋廣正,36,兩(銀),銀兩,契單紙價壹元,medium,陸元規→堂兄陸元賜; 每兩折錢捌百叁拾文(?); 外中用筆資銀共伍錢. 典按契單 民國貳年十一月 (1913) 原價銀…申銀叁拾…元.,2
pitt:31735066266416,https://digital.library.pitt.edu/islandora/object/pitt%3A31735066266416,"Box 2, Folder 68",Seller: 陳必清 [CHEN Biqing] -- Buyer: 陳必泉 [CHEN Biquan] -- Place: 福建省閩縣 [Fujian Sheng Min Xian] -- Government,Government,1888,光緒拾肆年拾壹月,1888,4 清晚期 (1851–1911),契尾,tax/registration,,閩縣,福建,福州核心(閩/侯官/閩侯/林森),屋,價銀叁百零貳兩正,302,兩(銀),銀兩,稅銀玖兩零陸分(?),medium,Fragmentary 契尾: 業戶陳必泉買陳必清屋; tax digits partly illegible (expected 3% = 9.06兩).,1
pitt:31735066267901,https://digital.library.pitt.edu/islandora/object/pitt%3A31735066267901,"Box 2, Folder 69",Seller: 陳必清 [CHEN Biqing] -- Buyer: 陳必泉 [CHEN Biquan] -- Place: 福建省閩縣 [Fujian Sheng Min Xian] -- Government,Government,1888,光緒拾肆年拾月,1888,4 清晚期 (1851–1911),賣斷契,sale,閩邑嘉崇里橫街鋪惠澤境茶葉街地方,閩縣,福建,福州核心(閩/侯官/閩侯/林森),墻屋全座 (連後空地),墻厝價鏡銀玖拾捌兩正庫法大錠,98,兩(銀),銀兩,,medium,陳必清 → 陳必泉. Later notes 光緒廿貳年 and 民國陸年 annotations.,1
pitt:31735066267919,https://digital.library.pitt.edu/islandora/object/pitt%3A31735066267919,"Box 2, Folder 99",Owner: 陳必泉 [CHEN Biquan] -- Place: 福建省閩侯縣 [Fujian Sheng Minhou Xian] -- Government,Government,1913,中華民國貳年拾壹月 (原契 光緒拾肆年拾月),1888,4 清晚期 (1851–1911),斷賣契單,tax/registration,閩侯縣橫街舖忠(?)澤境地方,閩侯縣,福建,福州核心(閩/侯官/閩侯/林森),墻屋全座,原價銀叁百零貳兩，申銀肆百肆拾肆元,302,兩(銀),銀兩,,medium,契單 1913 validating 陳必泉's 1888 purchase from 陳以清; 302兩 converted to 444元 (~1.47元/兩). 紙價壹元.,1
pitt:31735066267620,https://digital.library.pitt.edu/islandora/object/pitt%3A31735066267620,"Box 2, Folder 70",Seller: 黃振發 [HUANG Zhenfa] -- Buyer: 高 [GAO] -- Place: 福建省閩邑 [Fujian Sheng Min Xian] -- Personal,Personal,1889,光緒拾五年六月,1889,4 清晚期 (1851–1911),賣斷地契,sale,閩邑體泉舖土名下底池地方,閩縣,福建,福州核心(閩/侯官/閩侯/林森),空地壹塊,屋地價錠銀壹拾兩正 庫砝大錠白足色足兌,10,兩(銀),銀兩,,high,黃振發 → 高家.,1
pitt:31735068223290,https://digital.library.pitt.edu/islandora/object/pitt%3A31735068223290,"Box 2, Folder 70A",Seller: 高金亮 [GAO Jinliang] --Buyer: 林 [LIN] -- Place: 福建省閩縣 [Fujian Sheng Min Xian] -- Personal,Personal,1889 to 1890,光緒拾伍年拾月,1889,4 清晚期 (1851–1911),賣斷契 + 契尾,sale,閩邑醴泉舖地方,閩縣,福建,福州核心(閩/侯官/閩侯/林森),厝屋壹座(前後直深叁丈四尺五寸，橫闊叁丈弍尺),價銀叁拾兩正 (庫砝),30,兩(銀),銀兩,契尾: 稅銀玖錢正,high,"高金亮 sells to 林. 契尾 光緒拾陸年叁月 (1890), 布字貳萬陸千柒百肆拾捌號, 價銀叁拾兩正, 稅 3%.",1
pitt:31735068223308,https://digital.library.pitt.edu/islandora/object/pitt%3A31735068223308,"Box 2, Folder 70B",Seller: 張銓銓 [ZHANG Quanquan] -- Buyer: 鄒道明 [ZOU Daoming] -- Place: 福建省閩縣 [Fujian Sheng Min Xian] -- Personal,Personal,1889 to 1897,光緒拾伍年十一月,1889,4 清晚期 (1851–1911),賣斷契,sale,閩邑加崇里橫山鋪秋龍社地方,閩縣,福建,福州核心(閩/侯官/閩侯/林森),厝屋 (三柱弍堵) 並地基,價銀壹拾肆兩正 紋廣,14,兩(銀),銀兩,(契尾) 納稅銀肆錢弍分,medium,張銓銓 → 鄒道明; 契尾 光緒貳拾叁年貳月 (1897) 閩縣業戶鄒道明: 價銀壹拾肆兩正.,1
pitt:31735066266309,https://digital.library.pitt.edu/islandora/object/pitt%3A31735066266309,"Box 2, Folder 72",Seller: 藍炳孫 [LAN Bingsun] -- Buyer: 程長孫 [CHENG Changsun] -- Personal,Personal,1890,光緒拾陸年十月,1890,4 清晚期 (1851–1911),賣斷茶山契,sale,南坑土名橫蘭路,,福建,不明,茶皮骨山壹片 (茶山荒山),時值契價洋銀肆兩正,4,兩(洋銀),銀兩,,high,藍炳孫賣與程長孫; 上手全契未便繳.,1
pitt:31735064607645,https://digital.library.pitt.edu/islandora/object/pitt%3A31735064607645,"Box 2, Folder 74",Owner: 林萬開 [LIN Wankai] -- Personal,Personal,1891,光緒拾柒年八月,1891,4 清晚期 (1851–1911),分關書,division,三十八都白龍 / 草市都五甲 (侯官),侯官縣,福建,福州核心(閩/侯官/閩侯/林森),田、厝屋、山、園 (分作三房),,,,,,high,"立闔書 林萬開 with brothers 萬拱/萬欽; family property division, no price. Lists annual 糧錢 (e.g. 年貼納完糧錢伍拾文) and 租穀叁百伍拾斤. County inferred from 三十八都 (low).",10
pitt:31735066237656,https://digital.library.pitt.edu/islandora/object/pitt%3A31735066237656,"Box 2, Folder 73",Owner: 陳雅 [CHEN Ya] 陳道書 [CHEN Daoshu] 陳建璽 [CHEN Jianxi] and 陳成嘉[CHEN Chengjia]-- Place: 福建省閩縣 [Fujian Sheng Min Xian] -- Government,Government,1890 to 1892,光緒拾陸年–光緒拾捌年,1892,4 清晚期 (1851–1911),串票/截串執照,tax/registration,閩清縣,閩清縣,福建,閩清縣,,,,,,"地丁正耗銀陸分○厘 (陳雅, 光緒十八年); 地丁正耗銀叁錢正 (陳成嘉); 糧米…; 地丁銀壹兩正 (陳道書, 光緒十六年) etc.",medium,8 land-tax receipts (截串執照) issued by 閩清縣正堂 to 陳雅/陳建璽/陳成嘉/陳道書 for 光緒16 and 18 years; no transaction price. Metadata says 閩縣 but receipts say 閩清縣.,8
pitt:31735066267760,https://digital.library.pitt.edu/islandora/object/pitt%3A31735066267760,"Box 2, Folder 104",Seller: 長忠 [Changzhong] -- Place: 福建省閩清縣 [Fujian Sheng Minqing Xian] -- Government,Government,1916,光緒拾捌年拾壹月,1892,4 清晚期 (1851–1911),典契 + 按契單,conditional sale (典),本鄉本厝後門頭等處；本都尾寮下邊等處 (閩清縣),閩清縣,福建,閩清縣,田根面 民田壹號 受種柒升陸合；又田面租,田價錢伍拾仟文正,50000,文(銅錢),銅錢(文),按契單: 應納稅銀弍元,medium,"弟長蕃 典與 兄長忠; redeemable 不拘遠近. 福建財政廳 典按契單 洪憲元年 (1916) 一月: 議定價銀伍拾元, 稅銀弍元.",2
pitt:31735064607793,https://digital.library.pitt.edu/islandora/object/pitt%3A31735064607793,"Box 2, Folder 76",Seller: 王兆熙（出租） [WANG Zhaoxi] -- Buyer: 林 [LIN] -- Place: 福建省閩侯縣 [Fujian Sheng Minhou Xian] -- Government,Government,1893,光緒拾玖年四月,1893,4 清晚期 (1851–1911),典田面契,conditional sale (典),侯邑西關外叁十八都白龍壇路地方土名鄭魚坵等坵,侯官縣,福建,福州核心(閩/侯官/閩侯/林森),"田面 (則田面弍畝), 年納面租穀叁百伍拾斤",田面價銀叁拾壹兩正,31,兩(銀),銀兩,,high,王兆熙典與林處; 每兩銀折大錢捌百五十文; 不拘年限取贖.,1
pitt:31735066267810,https://digital.library.pitt.edu/islandora/object/pitt%3A31735066267810,"Box 2, Folder 75",Owner: 陳亮 [CHEN Liang] and 李清 [LI Qing] -- Place: 福建省 [Fujian Sheng] -- Government,Government,1892 to 1894,光緒拾玖年至貳拾年 (串票 光緒拾捌/拾玖/貳拾年),1893,4 清晚期 (1851–1911),版串執照(糧串),tax/registration,福州府侯官縣 伍柏鄉伍 …都故甲,侯官縣,福建,福州核心(閩/侯官/閩侯/林森),田 (納地丁銀/粟米),,,,,e.g. 光緒拾玖年地丁銀壹錢正; 地丁銀叁分玖厘; 粟米壹斗正,medium,"15 land-tax receipts (版串執照) issued to 李清的戶 / 陳亮; no transaction price. Viewed pp.1-3, 11.",15
pitt:31735064607744,https://digital.library.pitt.edu/islandora/object/pitt%3A31735064607744,"Box 2, Folder 95",Seller: 王聯鄧 [WANG Liandeng] -- Buyer: 林萬開 [LIN Wankai] -- Place: 福建省閩侯縣 [Fujian Sheng Minhou Xian] -- Government,Government,1913,中華民國貳年拾壹月 (原買 清光緒貳拾年拾貳月),1894,4 清晚期 (1851–1911),斷賣契單,tax/registration,閩侯縣三十八都白龍坛地方,閩侯縣,福建,福州核心(閩/侯官/閩侯/林森),田貳畝零,原價銀 兩申銀壹百叁拾捌元,138,元(銀元),銀元,紙價壹元肆角,medium,業戶林萬開 買受 王兆熙 田; 證 王聯登. Registration document dated 1913.,1
pitt:31735064607819,https://digital.library.pitt.edu/islandora/object/pitt%3A31735064607819,"Box 2, Folder 78",Seller: 王兆熙 [WANG Zhaoxi] -- Buyer: 林 [LIN] -- Place: 福建省閩侯縣 [Fujian Sheng Minhou Xian] -- Government,Government,1894,光緒弍拾年十二月,1894,4 清晚期 (1851–1911),約字,other,侯邑三十八都白龍坛路地方,侯官縣,福建,福州核心(閩/侯官/閩侯/林森),田面數號 年納面租谷叁百伍拾斤,,,,,,medium,"王兆熙 約字: field-surface previously sold to 林家; 林家 pays 貼納兜粮錢伍百文 (grain-tax subsidy), not a land price.",1
pitt:31735064607827,https://digital.library.pitt.edu/islandora/object/pitt%3A31735064607827,"Box 2, Folder 77",Seller: 王兆熙 [WANG Zhaoxi] -- Buyer: 林 [LIN] -- Place: 福建省閩侯縣 [Fujian Sheng Minhou Xian] -- Government,Government,1894,光緒二十年十二月,1894,4 清晚期 (1851–1911),湊斷契,supplementary payment (找/貼),侯邑西門外三十八都白龍坛路地方 土名鄭魚坵,侯官縣,福建,福州核心(閩/侯官/閩侯/林森),田面 官丈弍畝伍分零,田面價錢弍千文正,2000,文(銅錢),銅錢(文),,medium,王兆熙 → 林處 (湊斷 final top-up after earlier 典). Related to pitt:31735064607744 (原價 138元).,1
pitt:31735064607629,https://digital.library.pitt.edu/islandora/object/pitt%3A31735064607629,"Box 2, Folder 80",Seller: 蘇章林 [SU Zhanglin] -- Buyer: 劉仕懋 [LIU Shimao] -- Personal,Personal,1898,光緒貳拾肆年十一月,1898,4 清晚期 (1851–1911),賣契,sale,濠墩門前土名獎壁洲碓下 (長坊村?),,福建,不明,晚田 民產壹畝零,契價紋銀叁拾貳兩正,32,兩(銀),銀兩,,high,蘇章林 → 劉仕懋. 另批中書洋銀壹兩伍錢弍分正 (middleman fee 1.52兩). Tax registered under 太里二啚五甲 蘇廷基戶.,1
pitt:31735066266291,https://digital.library.pitt.edu/islandora/object/pitt%3A31735066266291,"Box 2, Folder 81",Seller: 張寶詨 [ZHANG Baoxiao] -- Buyer: 程長孫 [CHENG Changsun] -- Personal,Personal,1890,光緒貳拾五年八月,1899,4 清晚期 (1851–1911),找斷字 (加壹字),supplementary payment (找/貼),南坑土名後門山,,,不明,栗廠屋壹伴,找出洋銀貳兩弍錢伍分正,2.25,兩(銀),銀兩,,medium,張寶詨 找斷與 程長孫. Original sale also 時值契價洋銀貳兩弍錢伍分. Metadata says 1890; document appears to read 光緒貳拾五年.,1
pitt:31735064607496,https://digital.library.pitt.edu/islandora/object/pitt%3A31735064607496,"Box 2, Folder 82",Seller: 鄒允春 [ZOU Yunchun] -- Buyer: 和意軒老人會 [Heyixuan Laorenhui] -- Place: 福建省閩邑（縣） [Fujian Sheng Min Xian ] -- Government,Government,1900,光緒貳拾陆年閏捌月,1900,4 清晚期 (1851–1911),賣斷契,sale,閩邑嘉崇里文山舖秋龍社地方,閩縣,福建,福州核心(閩/侯官/閩侯/林森),厝屋叁柱貳榴排 (橫潤弍丈弍尺零 直深壹丈肆尺零),厝價庫平銀弍拾肆兩正,24,兩(銀),銀兩,,medium,鄒允春 → 和意軒老人會. First numeral cursive (read 弍).,1
pitt:31735066237672,https://digital.library.pitt.edu/islandora/object/pitt%3A31735066237672,"Box 2, Folder 79",Owner: 鄭其英 [ZHENG Qiying] and 沈齊 [SHEN Qi] -- Place: 福建省永安县和永福县 [Fujian Sheng Yongan Xian and Yongfu Xian] -- Government,Government,1895 to 1900,光緒貳拾陸年; 光緒貳拾壹(?)年,1900,4 清晚期 (1851–1911),串票/版串執照; 糧戶執照,tax/registration,永安縣伍柏鄉; 福州府永福縣,永安縣 / 永福縣,福建,永安縣 / 永福縣,,,,,,永安: 沈□ 米…合; 永福: 鄭其英 地丁銀叁錢叁分…,low,"Two land-tax receipts, no transaction price.",2
pitt:31735066266739,https://digital.library.pitt.edu/islandora/object/pitt%3A31735066266739,"Box 2, Folder 83",Owner: 沈齊 [SHEN Qi] -- Place: 福建省永安縣 [Fujian Sheng Yongan Xian] -- Government,Government,1900,光緒弍拾陸年,1900,4 清晚期 (1851–1911),版串執照,tax/registration,永安縣 伍柜鄉,永安縣,福建,永安縣,田賦(地丁),,,,,□錢捌分玖厘 (partly illegible),medium,"Land-tax receipt, 李清的戶 沈康(?); no price.",1
pitt:31735068223316,https://digital.library.pitt.edu/islandora/object/pitt%3A31735068223316,"Box 2, Folder 83A",Seller: 鄒允春 [ZOU Yunchun] -- Buyer: 秋意軒老人會 [Qiuyixuan Laoren Hui] -- Place: N/A -- Personal,Personal,1900,光緒貳拾陸年閏捌月,1900,4 清晚期 (1851–1911),賣斷契,sale,閩邑嘉崇里文山鋪秋?社地方,閩縣,福建,福州核心(閩/侯官/閩侯/林森),厝屋壹所 貳桐排,價庫平銀壹拾肆兩正,14,兩(銀),銀兩,,medium,鄒允春 → 秋意軒老人會.,1
pitt:31735066237557,https://digital.library.pitt.edu/islandora/object/pitt%3A31735066237557,"Box 2, Folder 85",Owner: 金寬英 [JIN Kuanying] -- Seller: 張文楚 [ZHANG Wenchu] -- Buyer: 金寬英 [JIN Kuanying] -- Place: 福建省永泰縣 [Fujian Sheng Yongtai Xian] -- Government,Government,1903 to 1943,光緒貳拾玖年拾貳月,1903,4 清晚期 (1851–1911),賣契,sale,本都烏山頭地方 土名仙壙後垅頭並深垅尾垅仔,永泰縣,福建,永泰縣,民田底面 受種壹畝 (年載大租乙百弍拾斤),時值價銀正紋廣銀壹拾五兩正,15,兩(銀),銀兩,(1944賣契本契) 應納契稅叁元,high,"張文楚 → 金寬英 (嵩口鎮). 民國卅三年六月 (1944) 福建省田賦糧食管理處 賣契本契 永泰: 賣價貳拾元, 契稅叁元, 立契日期光緒廿九年十二月. GX29/12 may fall in Jan 1904.",2
pitt:31735066267851,https://digital.library.pitt.edu/islandora/object/pitt%3A31735066267851,"Box 2, Folder 84",Seller: 林與清 [LIN Yuqing] -- Place: unknown --Personal,Personal,1903,光緒貳拾玖年十二月,1903,4 清晚期 (1851–1911),繳典契,conditional sale (典),廿?都土田庄裡地方,,福建,不明,根面全民屯田叁號 (海字2083號 田壹畝叁分; 2084號 田壹畝肆分; 荒田),價銀肆拾伍兩正 伏廣,45,兩(銀),銀兩,,high,林興清 → 程貞; 每兩銀折銅錢捌百伍拾文; 伍年為限.,1
pitt:31735066237532,https://digital.library.pitt.edu/islandora/object/pitt%3A31735066237532,"Box 2, Folder 86",Owner: 黃財業 [HUANG Caiye] -- Seller: 許春願 [XU Chunyuan] -- Buyer: 黃財業 [HUANG Caiye] -- Place: 福建省閩縣 [Fujian Sheng Min Xian] -- Government,Government,1904 to 1943,光緒叁拾年十一月,1904,4 清晚期 (1851–1911),賣斷契 + 縣賣契,sale,滸亭洋地方 土名祠堂門前塘壢等處,閩縣,福建,福州核心(閩/侯官/閩侯/林森),民田根面全壹號 受種柒升伍合 (年載租米柒斗伍升),田價大洋陸拾員正,60,大洋,銀元,,high,許春願 → 黃財業. 縣賣契 民國叁拾貳年四月(1943) 賣價國幣陸拾元.,2
pitt:31735064607702,https://digital.library.pitt.edu/islandora/object/pitt%3A31735064607702,"Box 2, Folder 87",Seller: 林為良 [LIN Weiliang] -- Buyer: 林可瓊 [LIN Keqiong] -- Place: 福建省閩侯縣 [Fujian Sheng Minhou Xian] -- Government,Government,1906,光緒叁拾貳年拾壹月,1906,4 清晚期 (1851–1911),賣斷根面契,sale,十□都黃道亭地方 冊載地字弍百號,閩侯縣,福建,福州核心(閩/侯官/閩侯/林森),田 根面全民田壹號 官丈壹畝伍分二,田價銀壹百叁拾兩 每兩□捌百文,130,兩(銀),銀兩,,medium,林為良 → 族弟林可瓊. Exchange rate partly torn (每兩折錢…捌百文). Stamps of 閩侯縣西湖區驗契.,1
pitt:31735064607736,https://digital.library.pitt.edu/islandora/object/pitt%3A31735064607736,"Box 2, Folder 94",Seller: 林可瓊 [LIN Keqiong] -- Buyer: 劉興國 [LIU Xingguo] -- Place: 福建省閩侯縣 [Fujian Sheng Minhou Xian] -- Government,Government,1913,中華民國貳年拾壹月 (原契 光緒叁拾貳年拾壹月),1906,4 清晚期 (1851–1911),斷賣契單 (福建國稅廳籌備處),tax/registration,閩侯縣草市都井邊亭(?)地方,閩侯縣,福建,福州核心(閩/侯官/閩侯/林森),田壹畝餘 (壹畝伍分?),原價銀壹百叁拾兩,130,兩(銀),銀兩,紙價壹元,medium,業戶林可瓊 買受林為良 田 in 光緒32 (1906); 契單 1913 converts to 申銀壹百八(十)肆元.,1
pitt:31735066237490,https://digital.library.pitt.edu/islandora/object/pitt%3A31735066237490,"Box 2, Folder 88",Seller: 郭宗仲 [GUO Zongzhong] -- Buyer: 王齊發 [WANG Qifa] -- Personal,Personal,1906,光緒三十二年三月,1906,4 清晚期 (1851–1911),賣斷契,sale,閩邑文山鋪秋龍社地方,閩縣,福建,福州核心(閩/侯官/閩侯/林森),屋 (小厝),賣斷屋價鏡銀壹拾兩正,10,兩(銀),銀兩,,medium,郭宗仲→王齊發. Numeral read as 壹拾 (cursive).,1
pitt:31735068223324,https://digital.library.pitt.edu/islandora/object/pitt%3A31735068223324,"Box 2, Folder 88A",Seller: 郭成亮 [GUO Chengliang] -- Buyer: 王駿發 [WANG Junfa] -- Place: 福建省閩侯縣 [Fujian Sheng Minhou Xian] -- Personal,Personal,1906 to 1955,光緒叁拾弍年弍月,1906,4 清晚期 (1851–1911),賣斷契; 賣斷契單; 契尾; 驗契證,sale,閩侯縣文山鋪地方,閩侯縣,福建,福州核心(閩/侯官/閩侯/林森),屋 厝屋壹所 (四墻),原價銀弍拾玖元 (契單),29,元(銀元),銀元,,low,郭成亮 賣斷與 王駿發. Deed's price column in fold (reads 弍拾…); value taken from 民國三年 契單. Also 民國十八年 驗契證 and 契尾; 1950s 福州市人民政府 stamp.,1
pitt:31735068223332,https://digital.library.pitt.edu/islandora/object/pitt%3A31735068223332,"Box 2, Folder 88B",Seller: 郭宗仲 [GUO Zongzhong] -- Buyer: 王齊發 [WANG Qifa] -- Place: 福建閩侯縣 [Fujian Sheng Minhou Xian] -- Personal,Personal,1906 to 1921,光緒叁拾弍年冬月,1906,4 清晚期 (1851–1911),賣斷契 / 契尾 / 賣契(官契紙),sale,閩邑文山鋪秋龍?地方,閩縣,福建,福州核心(閩/侯官/閩侯/林森),"屋 (房屋壹埕, 屋上至椽桁磚瓦)",屋價銀壹拾兩正,10,兩(銀),銀兩,官契紙 民國十年: 應納稅額肆角伍占,medium,"郭宗仲賣斷與王齊發. Also 契尾 (光緒) and 民國十年四月 (1921) 賣契官契紙: 買主王齊發, 屋, 賣價拾伍元, 稅肆角伍分.",1
pitt:31735066266283,https://digital.library.pitt.edu/islandora/object/pitt%3A31735066266283,"Box 2, Folder 101",Seller: 林宜新 [LIN Yixin] -- Buyer: 林久樹 [LIN Jiushu] -- Place: 福建省閩侯縣 [Fujian Sheng Minhou Xian] -- Government,Government,1915,清宣統元年十二月 (契單 民國四年一月),1909,4 清晚期 (1851–1911),契單,conditional sale (典),閩侯縣馬坑地方,閩侯縣,福建,福州核心(閩/侯官/閩侯/林森),屋壹座,價銀壹百元,100,元(銀元),銀元,稅銀壹元伍角,high,林久樹 典受 林宜新 屋; 1915 福建財政廳 契單 (registration).,1
pitt:31735066267646,https://digital.library.pitt.edu/islandora/object/pitt%3A31735066267646,"Box 2, Folder 89",Seller: 何金盛 [HE Jinsheng] -- Buyer: 何振華 [HE Zhenhua] -- Place: 福建省建陽縣 [Fujian Sheng Jianyang Xian] -- Government,Government,1909,宣統元年弍月,1909,4 清晚期 (1851–1911),契尾,tax/registration,建陽縣,建陽縣,福建,建陽縣,田,價銀拾玖兩捌錢,19.8,兩(銀),銀兩,納稅銀伍錢玖分肆厘,medium,業戶何金盛 買 何振華 田; tax 3%.,1
pitt:31735066267836,https://digital.library.pitt.edu/islandora/object/pitt%3A31735066267836,"Box 2, Folder 90",Seller: 熾原 [Chiyuan] -- Buyer: 尚堃 [Shangkun] -- Place: unknown -- Government,Government,1909,宣統元年拾壹月,1909,4 清晚期 (1851–1911),賣斷契,sale,坐址塘口洋土名壇前,,福建,不明,民田壹號，受種叁斗叁坵,田價紋廣銀弍拾兩正,20,兩(銀),銀兩,,medium,胞兄家熾 sells to 胞弟尚坎(?). 驗訖 stamp.,1
pitt:31735064607686,https://digital.library.pitt.edu/islandora/object/pitt%3A31735064607686,"Box 2, Folder 91",Seller: 開保 [Kaibao] -- Government,Government,1910,宣統弍年拾壹月,1910,4 清晚期 (1851–1911),典契,conditional sale (典),坐本洋 土名曾竹墩 (糧米掛在保弍啚七甲陳元華戶下),,福建,不明,民田壹號 受種弍斗壹坵; 糧應壹錢伍分 米弍升陸合,出田價番銀柒拾員正,70,番銀,銀元,,medium,開保 → 叔祖朝朋; 每員重…錢 (weight spec partly illegible); 玖年限 redemption. 驗訖 stamp.,1
pitt:31735066237730,https://digital.library.pitt.edu/islandora/object/pitt%3A31735066237730,"Box 2, Folder 92",Seller: 劉嘉命 [LIU Jiaming] -- Buyer: 劉源森 [LIU Yuansen] -- Place: 福建省建陽縣 [Fujian Sheng Jianyang Xian] -- Government,Government,1910,宣統弍年十二月,1910,4 清晚期 (1851–1911),賣斷契,sale,本村,建陽縣,福建,建陽縣,坪基壹匝及菜園,時值斷契價洋銀捌兩弍錢伍分正,8.25,兩(銀),銀兩,,high,劉嘉命 → 堂孫劉源森. 洋銀 by weight.,1
pitt:31735066266390,https://digital.library.pitt.edu/islandora/object/pitt%3A31735066266390,"Box 2, Folder 102",Owner: 陳朝朋 [CHEN Chaopeng] -- Place: 福建省連江縣 [Fujian Sheng lianjiang Xian] -- Government,Government,1915,宣統弍年十一月 (契單: 中華民國肆年叁月),1910,4 清晚期 (1851–1911),契單,tax/registration,連江縣 □竹地方,連江縣,福建,連江縣,田,議定價銀叁拾元,30,元(銀元),銀元,應納稅銀壹元五角,medium,"福建國稅廳籌備處 契單 to 業戶陳朝朋, who 典受陳閏保田 in 宣統2年; issued 1915.",1
pitt:31735066267588,https://digital.library.pitt.edu/islandora/object/pitt%3A31735066267588,"Box 2, Folder 93",Seller: 王昌年 [WANG Changnian] -- Buyer: 李學堃 [LI Xuekun] -- Place: 福建省閩侯縣 [Fujian Sheng Minhou Xian] -- Government,Government,1910 to 1915,宣統弍年拾壹月,1910,4 清晚期 (1851–1911),賣斷田根契,sale,侯邑四十一都磐石區地方土名浣沙亭溪邊石牌兜,侯官縣,福建,福州核心(閩/侯官/閩侯/林森),田根 田壹坵 官丈壹畝肆分,田根價錢玖拾仟文正,90000,文(銅錢),銅錢(文),賣斷契單: 應納稅銀叁元,high,"王昌年 → 李學堃. 福建財政廳賣斷契單 民國四年三月二十一日 (1915): 議定價銀玖拾元 (90元), 稅銀叁元, 坐落閩侯縣磐石區.",2
pitt:31735068223357,https://digital.library.pitt.edu/islandora/object/pitt%3A31735068223357,"Box 2, Folder 93A",Seller: 方兆揚 [FANG Zhaoyang] -- Buyer: 方亨猷 [FANG Hengyou] -- Place: 福建閩侯縣 [Fujian Sheng Minhou Xian] -- Personal,Personal,1910 to 1915,宣統弍年拾壹月,1910,4 清晚期 (1851–1911),典田根契,conditional sale (典),侯邑三十九都地方土名鐵大洋厝前,侯官縣,福建,福州核心(閩/侯官/閩侯/林森),田根 田大小伍坵 官丈肆畝零,田根價錢壹百肆拾捌千文,148000,文(銅錢),銅錢(文),典按契單: 稅銀叁元,medium,"方兆揚 → 方亨猷, 叁年為限取贖. 福建財政廳典按契單 民國四年八月 (1915), 閩侯縣, with tax 叁元.",1
pitt:31735064607884,https://digital.library.pitt.edu/islandora/object/pitt%3A31735064607884,"Box 2, Folder 96",Owner: 林有柱 [LIN youzhu] -- Buyer: 趙守藻 [ZHAO Shouzao] -- Place: 福建省侯官縣 [Fujian Sheng Houguan Xian] -- Government,Government,1913,中華民國貳年拾壹月,1913,5 民國 (1912–1948),典按契單,tax/registration,閩侯縣草市都馬坑地方,閩侯縣,福建,福州核心(閩/侯官/閩侯/林森),田面租谷壹百柒拾斤,"原價銀拾肆兩, 申銀貳拾元",14,兩(銀),銀兩,,medium,業戶林有柱 於清嘉慶拾?年伍月 典受趙守藻田面; 契單 records 原價銀14兩 = 申銀20元. Underlying 典 dates to Jiaqing era; year given is the 契單.,1
pitt:31735066237482,https://digital.library.pitt.edu/islandora/object/pitt%3A31735066237482,"Box 2, Folder 100",Owner: 張傳珍 [ZHANG Chuanzhen] -- Place: 福建省屏南縣 [Fujian Sheng Pingnan Xian] -- Government,Government,1913,中華民國弍年十一月,1913,5 民國 (1912–1948),斷契單,tax/registration,(屏南)縣六家裡地方,屏南縣,福建,屏南縣,地坪,原價銀 丙申銀柒拾元,70,元(銀元),銀元,紙價壹元,medium,福建國稅廳籌備處斷契單 for 業戶張傳珍 (受斷張守斐地坪); price is 原契 value; original deed not included.,1
pitt:31735066266531,https://digital.library.pitt.edu/islandora/object/pitt%3A31735066266531,"Box 2, Folder 98",Seller: 余德光 [YU Deguang] -- Buyer: 林聖魁 [LIN Shengkui] -- Place: 福建省閩清縣 [Fujian Sheng Minqing Xian] -- Government,Government,1913,中華民國弍年十一月 (原契 乾隆三十□年十一月),1913,5 民國 (1912–1948),斷賣契單,tax/registration,閩清縣七都土名牛埔(?)地方,閩清縣,福建,閩清縣,田 受種弍拾斤,原價銀壹萬柒千伍百叁(?)兩，申銀壹拾柒元,17,元(銀元),銀元,,low,福建國稅廳籌備處 契單 validating 林聖魁's Qianlong-era purchase from 余德光. Original price string odd (probably 錢壹萬柒千伍百文 converted 申銀17元); year of original purchase digit unclear.,1
pitt:31735068223365,https://digital.library.pitt.edu/islandora/object/pitt%3A31735068223365,"Box 2, Folder 100A",Owner: 陳琮細 [CHEN Congxi] -- Place: 福建省永泰縣 [Fujian Sheng Yongtai Xian] -- Government,Government,1913 to 1928,契單 中華民國(貳?)年; 驗稅契證 民國十九年七月,1913,5 民國 (1912–1948),驗稅契證 + 契單,tax/registration,永泰縣,永泰縣,福建,永泰縣,,原價銀壹百叁拾玖(?)兩 申銀壹百伍拾元,139,兩(銀),銀兩,"驗稅契證: 註冊費壹角, 教育費貳角",low,業戶陳琮細; 驗稅契證 1930 產價壹佰伍拾元; original deed not present.,1
pitt:31735066267703,https://digital.library.pitt.edu/islandora/object/pitt%3A31735066267703,"Box 3, Folder 114",Seller: 林祥德 [LIN Xiangde] -- Buyer: 張經炎 [ZHANG Jingyan] -- Place: 福建省閩侯縣 [Fujian Sheng Minhou Xian] -- Government,Government,1921,民國伍年拾壹月,1916,5 民國 (1912–1948),賣斷根面全田契 + 官契紙(賣契),sale,本鄉 土名柯嶺垅等處,閩侯縣,福建,福州核心(閩/侯官/閩侯/林森),屯田壹號 受種捌斛,價銀小洋肆佰角正,400,角(小洋),銀元,應納稅額弍元肆角,high,"林祥德→張經炎. 賣契 form 民國十年十二月十二日: 賣價肆拾元 (=400角), 稅2.4元 (6%).",2
pitt:31735064607504,https://digital.library.pitt.edu/islandora/object/pitt%3A31735064607504,"Box 2, Folder 108",Seller: 陳燦祥 [CHEN Canxiang] -- Buyer: 吳 [WU] -- Place: 福建省閩侯縣 [Fujian Sheng Minhou Xian ] -- Government,Government,1918,民國六年十二月 立契；民國七年四月廿八日 給,1917,5 民國 (1912–1948),典契(官契紙),conditional sale (典),橫街舖茶葉街 (閩侯縣),閩侯縣,福建,福州核心(閩/侯官/閩侯/林森),墙屋 壹座,典價柒百元,700,元(銀元),銀元,應納稅額弍拾壹元,high,"出典人 陳燦祥, 承典人 吳; tax 3%.",1
pitt:31735064607561,https://digital.library.pitt.edu/islandora/object/pitt%3A31735064607561,"Box 2, Folder 105",Seller: 維衜 [Weidao] -- Personal,Personal,1917,中華民國丁巳陸年拾壹月,1917,5 民國 (1912–1948),賣斷契,sale,本壙壙頭土名竹籃下,,,不明,茹種園壹號 壹坵 載籐壹千伍百餘根,園價番銀弍拾柒員正 每員陸錢捌分重,27,番銀,銀元,,medium,維衜 賣斷與 贈叔祖公 (lineage trust); 每員重陸錢捌分.,1
pitt:31735066267638,https://digital.library.pitt.edu/islandora/object/pitt%3A31735066267638,"Box 2, Folder 106",Seller: 陳燦祥 [CHEN Canxiang] -- Buyer: 吳右嚴？ [WU Youyan?] -- Place: 福建省閩邑 [Fujian Sheng Min Xian] -- Government,Government,,中華民國陸(?)年陰曆拾弍月,1917,5 民國 (1912–1948),典契,conditional sale (典),閩邑橫街鋪惠澤境 …葉街地方,閩縣,福建,福州核心(閩/侯官/閩侯/林森),墻屋全座,典出墻屋價台伏柒百員正,700,台伏(元),台伏,,low,"陳燦祥仝弟→吳右巖; 外加修理銀水弍拾壹員, 合共柒百弍拾壹員; 限伍年. House bought by 陳 in 光緒拾叁/拾肆年 (cf. pitt:31735066267893). Year numeral uncertain.",1
pitt:31735068223373,https://digital.library.pitt.edu/islandora/object/pitt%3A31735068223373,"Box 2, Folder 108A",Seller: 陳吳氏 [CHEN Wushi] -- Buyer: 吳右岩 [WU Youyan] -- Place: 福建省閩侯縣 [Fujian Sheng Minhou Xian] -- Personal,Personal,1918 to 1932,中華民國柒年玖月,1918,5 民國 (1912–1948),湊賣斷契; 官賣契紙,supplementary payment (找/貼),閩邑橫街鋪(橫山鋪)茶葉衕,閩侯縣,福建,福州核心(閩/侯官/閩侯/林森),屋 牆屋全座,牆屋價大番銀叁百員正,300,番銀,銀元,應納稅額叁拾玖元,high,"陳吳氏 → 吳右巖. 官契: 原典已稅柒百元, 湊斷叁百元 (total 1000). Original 典 光緒十三/四年.",2
pitt:31735068223407,https://digital.library.pitt.edu/islandora/object/pitt%3A31735068223407,"Box 3, Folder 131A",Seller: 陳兆濤 [CHEN Zhaotao] -- Buyer: 陳兆和 [CHEN Zhaohe] -- Place: 福建省永泰縣 [Fujian Sheng Yongtai Xian] -- Government,Government,1927,民國七年 (契紙 民國十六年八月),1918,5 民國 (1912–1948),賣契(官契紙) + 契稅清查證,sale,馬耳地方,永泰縣,福建,永泰縣,田,賣價弍拾捌元,28,元(銀元),銀元,應納稅額壹元捌角捌分(?),medium,陳兆濤 → 陳兆和. 契稅清查證 民國拾陸年八月 產價弍拾捌元.,1
pitt:31735066237425,https://digital.library.pitt.edu/islandora/object/pitt%3A31735066237425,"Box 2, Folder 109",Seller: 張氏 [ZHANG] -- Buyer: 林欽祥 [LIN Qinxiang] -- Place: 福建省閩侯縣 [Fujian Sheng Minhou Xian] -- Government,Government,1920,民國九年九月,1920,5 民國 (1912–1948),賣斷契,sale,本洋 土名后塢地方,閩侯縣,福建,福州核心(閩/侯官/閩侯/林森),民洋田面根全壹號 計丈捌分零,價錢台伏叁拾貳元正,32,元(銀元),銀元,,high,弟婦張氏 → 夫伯林欽祥. 台伏 = Fuzhou local dollar notes.,1
pitt:31735066237623,https://digital.library.pitt.edu/islandora/object/pitt%3A31735066237623,"Box 3, Folder 112",Owner: 黃同華 [HUANG Tonghua] -- Place: 福建省永泰縣 [Fujian Sheng Yongtai Xian] -- Government,Government,1920 to 1926,民國玖年七月 / 民國拾伍年 etc.,1920,5 民國 (1912–1948),納戶執照,tax/registration,永泰縣,永泰縣,福建,永泰縣,,,,,,地丁銀 e.g. 伍分伍厘,medium,5 land-tax receipts (納戶執照) for 黃同華; no sale price.,5
pitt:31735066237649,https://digital.library.pitt.edu/islandora/object/pitt%3A31735066237649,"Box 3, Folder 113",Owner: 陳明 [CHEN Ming] -- Place: 福建省閩縣 [Fujian Sheng Min Xian] -- Government,Government,1920 to 1932,中華民國玖年 (1920); 民國二十一年 (1932),1920,5 民國 (1912–1948),稅單,tax/registration,閩侯縣 □都 □圖 □甲 糧戶陳明,閩侯縣,福建,福州核心(閩/侯官/閩侯/林森),,,,,,地丁銀壹錢?正; 糧米玖升正; 糧米柒合捌勺; (1932) 壹斗,medium,"4 land-tax receipts (執照/串票) for 糧戶陳明, no transaction price.",4
pitt:31735066237508,https://digital.library.pitt.edu/islandora/object/pitt%3A31735066237508,"Box 3, Folder 115",Owner: 謝祀初 [XIE Qichu] -- Place: 福建省古田縣 [Fujian Sheng Gutian Xian] -- Government,Government,1921,民國拾年五月,1921,5 民國 (1912–1948),推收易知單,tax/registration,古田縣,古田縣,福建,古田縣,建屯田 肆畝,,,,,應徵銀弍錢捌分,medium,"糧戶謝祀初; land-tax transfer slip, no price.",1
pitt:31735066237631,https://digital.library.pitt.edu/islandora/object/pitt%3A31735066237631,"Box 2, Folder 110",Owner: 黃雲村? [HUANG Yuncun] and 黃汝勷 [HUANG Rurang] -- Place: 福建省永泰縣 [Fujian Sheng Yongtai Xian] -- Government,Government,1920 to 1925,民國十年 / 民國九年 等 (multiple receipts),1921,5 民國 (1912–1948),納戶執照,tax/registration,永泰縣,永泰縣,福建,永泰縣,地丁銀 (land tax),,,,,"地丁銀 receipts (amounts in 錢/文, e.g. 肆錢…; hard to read)",medium,"7 images: several 納戶執照 land-tax (地丁銀) receipts for 黃雲邨 and 黃汝勷, 民國九年–十四年 range; one wrapper slip. No transaction price.",7
pitt:31735066267513,https://digital.library.pitt.edu/islandora/object/pitt%3A31735066267513,"Box 3, Folder 116",Seller: 姚望兌 [YAO Wangdui] and 姚望駀 [YAO Wangyou] -- Government,Government,1921,民國歲次辛酉拾年,1921,5 民國 (1912–1948),賣盡斷根底厝地契,sale,泉晉南關外拾叁都錢倉鄉中厝份 土名井腳巷埕,晉江縣,福建,晉江縣,花向厝地連花向角間厝地二間壹所,大龍銀陸拾大員正,60,元(銀元),銀元,,high,姚望兌/姚望駀 seller. 大龍銀 = dragon dollars.,1
pitt:31735066237680,https://digital.library.pitt.edu/islandora/object/pitt%3A31735066237680,"Box 3, Folder 117",Owner: 黃汝勷 [HUANG Rurang] -- Place: 福建省永泰縣 [Fujian Sheng Yongtai Xian] -- Government,Government,1922,民國拾壹年,1922,5 民國 (1912–1948),納戶執照,tax/registration,永泰縣,永泰縣,福建,永泰縣,,,,,,地丁銀…壹厘○毫 (黃汝勷),medium,Land-tax receipt; no transaction price.,1
pitt:31735068223381,https://digital.library.pitt.edu/islandora/object/pitt%3A31735068223381,"Box 3, Folder 118A",Seller: 聖余 [SHENG Yu] -- Buyer: 西房眾 [Xi Fang Zhong] -- Place: 福建省永泰縣 [Fujian Sheng Yongtai Xian] -- Personal,Personal,1923 to 1930,民國拾弍年拾壹月,1923,5 民國 (1912–1948),賣契,sale,本鄉地方土名桂尾等處,永泰縣,福建,永泰縣,"佃田壹號壹坵, 受種壹畝正, 載租谷壹佰陸拾陸觔",時值價錢陸拾肆仟零伍佰文正,64500,文(銅錢),銅錢(文),"驗稅契證 民國十九年九月: 紙價叁元玖角玖分, 註冊費弍角",high,聖餘賣與西房眾; 伍年外限滿之日備價取贖 (redeemable). 驗稅契證 1930: 產價陸拾伍元.,2
pitt:31735064607512,https://digital.library.pitt.edu/islandora/object/pitt%3A31735064607512,"Box 3, Folder 119",Seller: 王三妹 [WANG Sanmei] -- Buyer: 陳軍漢 [CHEN Junhan] -- Place: 福建省閩侯縣 [Fujian Sheng Minhou Xian] -- Government,Government,1924,民國十三年三月,1924,5 民國 (1912–1948),典契/官典契紙,conditional sale (典),福州閩侯縣轄內文山鋪秋龍社(巷),閩侯縣,福建,福州核心(閩/侯官/閩侯/林森),屋 民屋一所 (二柱一欄),"典價銀台伏壹佰貳拾伍元正; 又貼修理費壹拾元, 共台伏壹佰叁拾伍元正",125,台伏(銀元),台伏,應納稅額叁元柒角伍占,high,王三妹 典與 陳軍漢; 五年為限取贖. Official 典契紙 典價壹百貳拾伍元 (3%). Total incl. repair fee 135.,2
pitt:31735064607777,https://digital.library.pitt.edu/islandora/object/pitt%3A31735064607777,"Box 3, Folder 120",Seller: 林久興 [LIN Jiuxing] 林可鑒 [LIN Kejian] and 林久澍 [LIN Jiushu]-- Personal,Personal,1924,民國拾叁年叁月,1924,5 民國 (1912–1948),合約字,other,,,福建,不明,,,,,,,medium,"Family 公約字 (林可鑑/林久興/林久澍) on marriage subsidies: 長房 認助台伏壹百貳拾元, 次房/三房 各台伏伍拾元; references 光緒十七年 分關. Not a land sale.",1
pitt:31735066237581,https://digital.library.pitt.edu/islandora/object/pitt%3A31735066237581,"Box 2, Folder 107",Owner: 黃遠容 [HUANG Yuanrong] 黃同華 [HUANGTonghua] 黃同德 [HUANG Tongde] 黃國興[HUANG Guoxing] and 黃國義[HUANG Guoyi] -- Place: 福建省永泰縣 [Fujian Sheng Yongtai Xian] -- Government,Government,1917 to 1926,民國拾叁年–拾伍年 etc. (various),1924,5 民國 (1912–1948),納戶執照,tax/registration,永泰縣,永泰縣,福建,永泰縣,,,,,,地丁銀 small amounts per receipt (e.g. 弍錢正),medium,"25 printed 納戶執照 land-tax (地丁銀) receipts issued by 永泰縣知事 to 黃遠容/黃同華 etc., Republican years ~13–17 (1924–1928); no transaction price. Viewed pp.1-4,25.",25
pitt:31735066237664,https://digital.library.pitt.edu/islandora/object/pitt%3A31735066237664,"Box 3, Folder 122",Owner: 黃同德 [HUANG Tongde] -- Place: 福建省永泰縣 [Fujian Sheng Yongtai Xian] -- Government,Government,1924 to 1926,民國十三年 / 中華民國拾肆(?)年,1924,5 民國 (1912–1948),納戶執照,tax/registration,永泰縣,永泰縣,福建,永泰縣,,,,,,地丁銀伍錢正 (each),medium,2 land-tax receipts (納戶執照) for 黃同德. No price.,2
pitt:31735068223399,https://digital.library.pitt.edu/islandora/object/pitt%3A31735068223399,"Box 3, Folder 119A",Seller: 王三妹 [WANG Sanmei] -- Buyer: 陳軍漢 [CHEN Junhan] -- Place: 福建聲閩侯縣 [Fujian Sheng Minhou Xian] -- Government,Government,1924 to 1928,中華民國十三年六月十日,1924,5 民國 (1912–1948),官契紙(典契),conditional sale (典),,閩侯縣,福建,福州核心(閩/侯官/閩侯/林森),,典價壹佰貳拾伍元,125,元(銀元),銀元,"驗稅契證: 紙價壹元伍角, 註冊費壹角, 教育費貳角",medium,"Official 典契 (閩侯稅契局 新領契紙) 出典人王三妹, 中人林武欽; buyer 陳軍漢. 驗稅契證 民國十七年一月 (1928) records 產價壹百貳拾伍元. Private deed not present; price field partly torn.",2
pitt:31735064607611,https://digital.library.pitt.edu/islandora/object/pitt%3A31735064607611,"Box 3, Folder 123",Seller: 張銓銓 [ZHANG Quanquan] -- Buyer: 鄒道明 [ZOU Daoming] -- Place: 福建省閩侯縣 [Fujian Sheng Minhou Xian] -- Government,Government,1925,,1925,5 民國 (1912–1948),賣斷契 + 官契紙(賣契),sale,閩邑嘉崇里文山鋪秋龍社地方,閩縣,福建,福州核心(閩/侯官/閩侯/林森),屋叁扇 (墻屋),賣斷價銀肆拾兩正,40,兩(銀),銀兩,form 應納稅額 柒拾…(damaged),low,"Deed 張銓銓→鄒道明, deed date torn off. Attached printed 賣契 dated 中華民國十四年五月廿五日, 買主 鍇商百壽協慶軒, 種類墻屋, 價 壹千…(damaged, possibly ~1150元), 立契 民國十三年…; form may be a later resale.",2
pitt:31735066237474,https://digital.library.pitt.edu/islandora/object/pitt%3A31735066237474,"Box 3, Folder 124",Seller: 林履同 [LIN Lutong] -- Buyer: 張炳源 [ZHANG Bingyuan] -- Place: 福建省古田縣 [Fujian Sheng Gutian Xian] -- Government,Government,1925,立契 民國十四年五月 (契紙 十四年六月廿九日),1925,5 民國 (1912–1948),賣契 (官契紙),sale,古田縣 玉源?,古田縣,福建,古田縣,祀田,賣價伍拾元,50,元(銀元),銀元,應納稅額叁元,medium,林履桐賣與張炳源; tax 6%.,1
pitt:31735066237615,https://digital.library.pitt.edu/islandora/object/pitt%3A31735066237615,"Box 3, Folder 111",Owner: 林仁典等 [LIN Rendian] etc. -- Place: 福建省永泰縣 [Fujian Sheng Yongtai Xian] -- Government,Government,1920 to 1926,民國拾伍年；民國拾柒年 等,1926,5 民國 (1912–1948),納戶執照,tax/registration,永泰縣,永泰縣,福建,永泰縣,田賦(地丁),,,,,page 2: 壹錢正 (地丁銀); other amounts hard to read,low,"4 land-tax receipts (納戶執照) for 林仁典, 永泰縣知事 黃; no transaction price. Viewed pages 1-2; dates partly illegible.",4
pitt:31735066266549,https://digital.library.pitt.edu/islandora/object/pitt%3A31735066266549,"Box 3, Folder 131",Seller: 文鳳 [WEN Feng] -- Place: 福建省閩清縣 [Fujian Sheng Minqing Xian] -- Government,Government,1927 to 1928,民國拾伍年十一月 (契紙 民國十六年五月),1926,5 民國 (1912–1948),典契(官契紙) + 驗稅契證,conditional sale (典),柒都,閩清縣,福建,閩清縣,民田 肆斗(種),典價壹百玖拾捌元,198,元(銀元),銀元,應納稅額 捌元柒角伍分(?),medium,出典人 朝官 → 承典人 文鳳. 驗稅契證 民國十七年二月(1928) 產價壹百玖拾捌元. Tax digits uncertain.,2
pitt:31735066266689,https://digital.library.pitt.edu/islandora/object/pitt%3A31735066266689,"Box 3, Folder 126",Seller: 朝官 [Chaoguan] -- Buyer: 文鳳 [Wenfeng] -- Place: 福建省 [Fujian Sheng] -- Government,Government,1926,中華民國拾伍年十一月,1926,5 民國 (1912–1948),寄佃契,conditional sale (典),七都牛椅墩地方土名尼姑墜等處,,福建,不明,"民田根弍號, 受種肆拾觔, 年載租米貳石叁斗伍升",田根價光番壹百玖拾捌員正,198,番銀,銀元,,high,弟朝官寄與兄文鳳; 伍年為限取贖.,1
pitt:31735066266747,https://digital.library.pitt.edu/islandora/object/pitt%3A31735066266747,"Box 3, Folder 127",Owner: 黃同華 [HUANG Tonghua] -- Place: 福建省永泰縣 [Fujian Sheng Yongtai Xian] -- Government,Government,1926,民國拾伍年,1926,5 民國 (1912–1948),稅單,tax/registration,永泰縣,永泰縣,福建,永泰縣,,,,,,地丁銀 (amount illegible),medium,"納戶執照, 戶黃同華; land-tax receipt.",1
pitt:31735066237607,https://digital.library.pitt.edu/islandora/object/pitt%3A31735066237607,"Box 3, Folder 128",Owner: 黃國興等 [HUANG Guoxing] etc. -- Place: 福建省永泰縣 [Fujian Sheng Yongtai Xian] -- Government,Government,1926 to 1927,中華民國拾陸年五月 (for 民國拾伍年地丁銀),1927,5 民國 (1912–1948),納戶執照,tax/registration,永泰縣,永泰縣,福建,永泰縣,,,,,,地丁銀 完 肆錢正 / 壹錢 etc. (several receipts),medium,"6 land-tax (地丁銀) receipts 納戶執照 issued by 永泰縣知事 to 黃國興 for 民國十五年 tax; no transaction price. Amounts per slip handwritten (e.g. 肆錢正, 壹錢...).",6
pitt:31735066266325,https://digital.library.pitt.edu/islandora/object/pitt%3A31735066266325,"Box 3, Folder 129",Owner: 賴國才 [LAI Guocai] -- Place: 福建省 [Fujian Sheng] -- Government,Government,1927,民國十六年四月,1927,5 民國 (1912–1948),契稅補查證,tax/registration,湯湖鄉 竹山地方,永泰縣?,福建,永泰縣,屋,產價壹□ (illegible),,,,查費大洋肆角(?),low,業戶賴國才; damaged; price numeral unreadable. County not printed legibly (seal …縣).,1
pitt:31735066266697,https://digital.library.pitt.edu/islandora/object/pitt%3A31735066266697,"Box 3, Folder 130",Seller: 黃丁荃 [HUANG Dingquan] -- Buyer: 黃花?蘭(租客) [HUANG Hua?lan] -- Personal,Personal,1927,民國十六年拾壹月,1927,5 民國 (1912–1948),山租收單,other,土名牙池,,,不明,山,,,,,,low,Receipt by 黃丁荃 for 本年份山租錢弍十七(千?)文 from 黃花蘭; no sale price.,1
pitt:31735068223431,https://digital.library.pitt.edu/islandora/object/pitt%3A31735068223431,"Box 3, Folder 140C",Seller: 陳宿康 [CHEN Sukang] -- Buyer: 陳桂修 [CHEN Guixiu] -- Place: 福建省閩侯縣 [Fujian Sheng Minhou Xian] -- Government,Government,1929 to 1935,民國拾陸年拾貳月 (立契); 驗稅契證 民國十八年五月; 驗契證 民國廿四年,1927,5 民國 (1912–1948),驗稅契證 + 已稅契驗契證,tax/registration,墻坪鄉郭坂村 土名晉埕前,閩侯縣,福建,福州核心(閩/侯官/閩侯/林森),田 受種拾叁觔,產價陸拾伍元,65,元(銀元),銀元,應納紙價伍元肆角肆分(?) 註冊費壹角 教育費貳角,medium,出賣主 陳宿康 → 陳桂修. Original deed not included.,2
pitt:31735066237433,https://digital.library.pitt.edu/islandora/object/pitt%3A31735066237433,"Box 3, Folder 137",Owner: 盧亨雲 [LU Hengyun] -- Place: 福建省古田縣 [Fujian Sheng Gutian Xian] -- Government,Government,1928,中華民國十七年五月,1928,5 民國 (1912–1948),驗稅契證,tax/registration,古田縣,古田縣,福建,古田縣,田 (已稅田契壹紙),產價四十〡元,41,元(銀元),銀元,"紙價0元八角0分, 註冊費一角, 教育費貳角",medium,業戶盧亨雲. Price written with commercial numeral 〡 (=1). Second page blank 古田縣已稅契驗契證.,2
pitt:31735066237748,https://digital.library.pitt.edu/islandora/object/pitt%3A31735066237748,"Box 3, Folder 138",Seller: 張國光 [ZHANG Guoguang] -- Buyer: 張國寶 [ZHANG Guobao] -- Place: unknown -- Personal,Personal,1928,民國壹拾七年叁月,1928,5 民國 (1912–1948),賣斷根面全田契,sale,本地方土名柯嶺墩上下份等處,,福建,不明,田 根面全，課田壹假，受種(?)拾觔,出價銀伍伯伍拾元正,550,元(銀元),銀元,,medium,張國光 sells to 堂兄國寶. First price digit read as 伍 (could be 伏/other); 原契遺失 noted.,1
pitt:31735066237755,https://digital.library.pitt.edu/islandora/object/pitt%3A31735066237755,"Box 3, Folder 154",Owner: 張國軒 [ZHANG Guoxuan] -- Place: 福建省閩侯縣 [Fujian Sheng Minhou Xian] -- Government,Government,1935,立契民十七年; 驗契中華民國24年6月,1928,5 民國 (1912–1948),驗契證,tax/registration,柯嶺坑 (?),閩侯縣,福建,福州核心(閩/侯官/閩侯/林森),田,產價弍佰弍拾元,220,元(銀元),銀元,,medium,"閩侯縣已稅契驗契證, 業主張國軒, 出賣主張國光; issued 1935.",1
pitt:31735066266341,https://digital.library.pitt.edu/islandora/object/pitt%3A31735066266341,"Box 3, Folder 134",Buyer: 錆啇百壽協廳軒 [Qiangdi Baishouxietingxuan] -- Place: 福建省 [Fujian Sheng] -- Government,Government,1928,中華民國十七年一月十五日,1928,5 民國 (1912–1948),驗稅契證,tax/registration,福建,,福建,不明,斷契壹紙所載產業,產價壹仟叁百伍拾元,1350,元(銀元),銀元,紙價壹元伍角，註冊費壹角，附加教育費貳角,medium,福建財政廳 驗稅契證 for 業戶 錆商(?)百壽協慶軒; validation of already-taxed 斷契.,1
pitt:31735066266606,https://digital.library.pitt.edu/islandora/object/pitt%3A31735066266606,"Box 3, Folder 135",Seller: 道楷 [Daokai] -- Buyer: 咸宜 [Xianyi] -- Place: 福建省(清源縣?) [Fujian Sheng (Qingyuan Xian?)] -- Personal,Personal,,中華民國拾柒年□月,1928,5 民國 (1912–1948),送字,sale,本鄉地方土名梨換坵等,,福建,不明,"面租壹號 (受種叁觔, 載田租米叁斗壹升伍合)",價錢壹拾壹仟伍佰文正,11500,文(銅錢),銅錢(文),,medium,叔道楷 transfers to 侄咸宜 for building kitchen; despite 送 label a price is paid. date_meta null; year from text.,1
pitt:31735066266614,https://digital.library.pitt.edu/islandora/object/pitt%3A31735066266614,"Box 3, Folder 133",Seller: 昌宜 [Changyi] -- Buyer: 咸宜 [Xianyi] -- Place: 福建省（清源縣?） [Fujian Sheng (Qingyuan Xian?)] -- Personal,Personal,,中華民國拾柒年,1928,5 民國 (1912–1948),送斷字,sale,本鄉地方土名梨樸坵,,福建,不明,田根壹號 受種叁斗? (載田租米叁斗壹升伍合),田價錢貳拾叁千文正,23000,文(銅錢),銅錢(文),,medium,兄昌宜 → 弟咸宜 for building a kitchen; family transfer. Metadata place 清源縣? unclear.,1
pitt:31735066266713,https://digital.library.pitt.edu/islandora/object/pitt%3A31735066266713,"Box 3, Folder 136",Owner: 黃乞容 [HUANG Qirong] -- Place: 福建省永泰縣 [Fujian Sheng Yongtai Xian] -- Government,Government,1928,民國拾柒年 (for 民國拾陸年地丁銀),1928,5 民國 (1912–1948),納戶執照,tax/registration,永泰縣,永泰縣,福建,永泰縣,,,,,,地丁銀 弍分捌厘(?),medium,Land-tax receipt for 黃乞容; no price.,1
pitt:31735066267489,https://digital.library.pitt.edu/islandora/object/pitt%3A31735066267489,"Box 3, Folder 132",Seller: 張國光 [ZHANG Guoguang] -- Buyer: 張國寶 [ZHANG Guobao] -- Place: 福建省閩侯縣 [Fujian Sheng Minhou Xian] -- Government,Government,1928 to 1935,民國拾七年叁月,1928,5 民國 (1912–1948),賣斷根面全田契,sale,五十三都角洋鄉 土名柯嶺墘 / 黨後洋過垻等處,閩侯縣,福建,福州核心(閩/侯官/閩侯/林森),課田 根面全 受種貳拾觔 + 拾觔 (契紙: 受種叁拾觔),價銀大洋貳佰貳拾員正,220,大洋,銀元,拾叁元貳角,high,"張國光 → 張國寶. Official 賣契 (民國十七年九月) 價貳百貳拾元, 應納稅額拾叁元貳角 (6%), 契紙費大洋五角.",2
pitt:31735064607439,https://digital.library.pitt.edu/islandora/object/pitt%3A31735064607439,"Box 3, Folder 139",Owner: 林枝貴 [LIN Zhigui] -- Place: 福建省古田縣 [Fujian Sheng Gutian Xian] -- Government,Government,1929,中華民國十八年八月,1929,5 民國 (1912–1948),驗稅契證,tax/registration,古田縣,古田縣,福建,古田縣,田 (已稅田契壹紙),產價壹百叁拾元 (?),130,元(銀元),銀元,"應納紙價壹元?角?分, 註冊費叁角, 附加教育費貳角",low,福建財政廳 validation of old tax-paid deed for 業戶林枝貴; cursive amount uncertain; the underlying sale date not given.,1
pitt:31735066267596,https://digital.library.pitt.edu/islandora/object/pitt%3A31735066267596,"Box 3, Folder 125",Seller: 金輯和 [JIN Jihe] -- Buyer: 金信江 [JIN Xinjiang] -- Place: 福建省永泰縣 [Fujian Sheng Yongtai Xian] -- Government,Government,1925 to 1943,中華民國拾捌年拾弍月,1929,5 民國 (1912–1948),賣斷契 + 官契紙(永泰縣賣契) + 契稅收據,sale,永泰縣嵩口鎮玉湖保 玉渡湖地方 土名考塘坑,永泰縣,福建,永泰縣,民田一號 受種壹畝 粮陸分伍厘 (底面全田),時值價銀壹佰伍拾兩正,150,兩(銀),銀兩,民國32年 契稅 應納稅額壹拾伍元 (+附加小學教育經費 叁元柒角伍分),medium,"Deed 金緝和→金信江, 每兩折錢捌佰文. Government 賣契 and 契稅收據 dated 民國三十二年六月 (1943): 賣價國幣壹百伍拾元, 稅15元.",3
pitt:31735066267869,https://digital.library.pitt.edu/islandora/object/pitt%3A31735066267869,"Box 3, Folder 140",Owner: 陳傳京 [CHEN Chuanjing] -- Seller: 陈成餘 [CHEN Chengyu] -- Place: 福建省閩侯縣 [Fujian Sheng Minhou Xian] -- Government,Government,1929,民國十八年十二月,1929,5 民國 (1912–1948),賣契 (官契紙),sale,淳村,閩侯縣,福建,福州核心(閩/侯官/閩侯/林森),田 弍畝肆分零,該產價銀壹百叁拾元,130,元(銀元),銀元,該契稅銀叁元玖角,medium,賣主陳成餘 → 業戶陳傳京.,1
pitt:31735068223415,https://digital.library.pitt.edu/islandora/object/pitt%3A31735068223415,"Box 3, Folder 140A",Seller: 程道魯 [CHENG Daolu] -- Buyer: 程楊春 [CHENG Yangchun] -- Place: 福建省閩侯縣 [Fujian Sheng Minhou Xian] -- Government,Government,1929,民國十八年十二月 立契,1929,5 民國 (1912–1948),驗契證,tax/registration,侯官卅五都青山(?)洲下埔地方,閩侯縣,福建,福州核心(閩/侯官/閩侯/林森),民園 壹畝玖分〇釐,產價捌拾元正,80,元(銀元),銀元,,high,"閩侯縣已稅契驗契證; 業主程揚春 (洲尾鄉), 出賣主程道魯, 中證程道法(?).",1
pitt:31735068223423,https://digital.library.pitt.edu/islandora/object/pitt%3A31735068223423,"Box 3, Folder 140B",Seller: 陳太記 [CHEN Taiji] -- Buyer: 陳宿漙 [CHEN Sutuan] -- Place: 福建省閩侯縣 [Fujian Sheng Minhou Xian] -- Personal,Personal,1929 to 1935,民國拾捌年拾弍月,1929,5 民國 (1912–1948),賣斷根面全田契 + 官契紙(賣契) + 驗契證,sale,坐址楊厝(?)地方,閩侯縣,福建,福州核心(閩/侯官/閩侯/林森),民田數號 受種壹拾伍斛,價錢大洋柒拾伍員正,75,大洋,銀元,應納稅額肆元伍角,high,"陳太記→陳宿漙. 賣契 dated 民國二十年四月六日, 價柒拾伍元; 閩侯縣已稅契驗契證 產價柒拾伍員.",2
pitt:31735066237458,https://digital.library.pitt.edu/islandora/object/pitt%3A31735066237458,"Box 3, Folder 141",Owner: 洪國慶 [HONG Guoqing] -- Place: 福建省古田縣 [Fujian Sheng Gutian Xian] -- Government,Government,1930,中華民國十九年四月,1930,5 民國 (1912–1948),驗稅契證,tax/registration,縣洑?鄉地方,古田縣,福建,古田縣,"屋/田 (副證: 田 畝, 屋 座)",產價叁拾捌元,38,元(銀元),銀元,"紙價貳元貳角?, 註冊費壹角, 教育費貳角",medium,Validation certificate for 洪國慶's untaxed 斷契; price is registered 產價 of the original deed (not seen). Includes 副證 契已驗稅.,2
pitt:31735064607462,https://digital.library.pitt.edu/islandora/object/pitt%3A31735064607462,"Box 3, Folder 142",Seller: 高天钏 [GAO Tianchuan] -- Buyer: 郑祚龙 [ZHENG Zuolong] -- Personal,Personal,1931,民國弍拾年五月初,1931,5 民國 (1912–1948),送字,other,過洋山北山墓埕下大坪園,,福建,不明,山地 (墳地) 壹穴,,,,,,medium,高天釧 gifts burial land to 鄭祚龍; 花紅一概全免 — no price.,1
pitt:31735066237599,https://digital.library.pitt.edu/islandora/object/pitt%3A31735066237599,"Box 3, Folder 118",Owner: 黃乞容等 [HUANG Qirong] etc. -- Place: 福建省永泰縣 [Fujian Sheng Yongtai Xian] -- Government,Government,1923 to 1930,中華民國貳拾年 (tax years 民國十八/十九 etc.),1931,5 民國 (1912–1948),糧戶執照,tax/registration,永泰縣,永泰縣,福建,永泰縣,,,,,,每張 地丁 貳錢正 / 貳分捌釐○毛 (varies per receipt),medium,8 land-tax receipts (糧戶執照) for 黃乞容; amounts paid 大洋; no sale price. Years read ~民國18–20; metadata says 1923–1930.,8
pitt:31735066266721,https://digital.library.pitt.edu/islandora/object/pitt%3A31735066266721,"Box 3, Folder 143",Owner: 黃乞容 [HUANG Qirong] -- Place: 福建省永泰縣 [Fujian Sheng Yongtai Xian] -- Government,Government,1931,民國弍拾年,1931,5 民國 (1912–1948),執照(糧串),tax/registration,永泰縣,永泰縣,福建,永泰縣,,,,,,…拾柒…弍分捌厘0毫 (大洋),low,"業戶黃乞容; land-tax receipt, badly printed; no price.",1
pitt:31735064607595,https://digital.library.pitt.edu/islandora/object/pitt%3A31735064607595,"Box 3, Folder 145",Seller: 劉振萬 [LIU Zhenwan] -- Buyer: 劉紀臣 [LIU jichen] -- Place: 福建省閩清縣 [Fujian Sheng Minqing Xian] -- Government,Government,1932,中華民國二十一年十一月,1932,5 民國 (1912–1948),賣斷契,sale,本鄉地方土名東埔頭,閩清縣,福建,閩清縣,民田根面全壹號 (田貳坵?),大洋捌拾捌員正,88,大洋,銀元,應納契稅 捌元捌角0分,medium,"劉振萬 → 劉紀臣. 財政部福建省縣田賦管理處賣契本契 (later form, 1940s) records 時價 捌拾捌元0角0分, tax 8.8元 (10%).",2
pitt:31735064607710,https://digital.library.pitt.edu/islandora/object/pitt%3A31735064607710,"Box 3, Folder 146",Owner: 林可昌 [LIN Kechang] and 林可淦 [LIN Kegan] -- Personal,Personal,1932,民國二十一年五月,1932,5 民國 (1912–1948),聲明遺失契字,other,土名坑裏 (田頭水壢壹口),,福建,不明,"田根壹號, 大小五坵, 帶文壹畝零, 松柏五株",計產價弍拾捌兩正,28,兩(銀),銀兩,,medium,林可昌、林可淦 declare loss of 7 original 盡斷 deeds (上輩所置) totaling 產價28兩; not a new transaction.,1
pitt:31735066266358,https://digital.library.pitt.edu/islandora/object/pitt%3A31735066266358,"Box 3, Folder 144",Place: 福建省閩侯縣 [Fujian Sheng Minhou Xian] -- Government,Government,1932,民國二十一年十二月,1932,5 民國 (1912–1948),不動產登記圖式,tax/registration,閩侯 南台…,閩侯縣,福建,福州核心(閩/侯官/閩侯/林森),屋 (floor plan),,,,,,medium,"閩侯地方法院不動產登記處 registration plan; only 每分定價銀弍分 form fee, no price.",1
pitt:31735066266655,https://digital.library.pitt.edu/islandora/object/pitt%3A31735066266655,"Box 3, Folder 147",Seller: 欽源 [Qinyuan] -- Buyer: 陳欽瑞 [CHEN Qinrui] -- Place: 福建省福清縣 [Fujian Sheng Fuqing Xian] -- Personal,Personal,1932,民國念壹年歲次壬申弍月,1932,5 民國 (1912–1948),盡根斷賣契,sale,坐在板頂岑垇洛 (?),福清縣,福建,福清縣,民園壹段 官額玖分正,盡根並找價斷賣出洋銀大龍番壹佰柒拾員正,170,元(銀元),銀元,,medium,欽源 → 宗兄欽瑞; 計每元柒錢弍分伍厘重 (Dragon dollars).,1
pitt:31735068223449,https://digital.library.pitt.edu/islandora/object/pitt%3A31735068223449,"Box 3, Folder 147A",Seller: 陳聖榜 [CHEN Shengbang] -- Buyer: 陳桂修 [CHEN Guixiu] -- Place: 福建省閩侯縣 [Fujian Sheng Minhou Xian] -- Personal,Personal,1932 to 1935,民國弍拾壹年十二月,1932,5 民國 (1912–1948),賣斷根面全田契 + 賣契紙 + 驗契證,sale,本房土名崩壠倉厝(?)地方 (閩侯縣 郎官村),閩侯縣,福建,福州核心(閩/侯官/閩侯/林森),田 根面全，受種陸斤,田價大洋叁拾員正,30,大洋,銀元,賣契紙: 該契稅銀壹元捌角,medium,"侄陳聖榜 sells to 房叔陳桂修. 賣契紙 民國弍拾叁年伍月 (1934) 產價銀叁拾元, tax 6%=1.8元; 驗契證 民國廿四年七月 (1935).",2
pitt:31735066237516,https://digital.library.pitt.edu/islandora/object/pitt%3A31735066237516,"Box 3, Folder 148",Owner: 余興泉 [YU Xingquan] -- Place: 福建省古田縣 [Fujian Sheng Gutian Xian] -- Government,Government,1933,民國二十二年伍月,1933,5 民國 (1912–1948),四柱易知單,tax/registration,古田縣 □都□甲 (二冊),古田縣,福建,古田縣,民田伍畝伍分,,,,,應徵銀伍錢叁分弍厘,high,Land-tax notice (頒給彙造便民四柱易知單) for 糧戶余興泉; no transaction price.,1
pitt:31735066237524,https://digital.library.pitt.edu/islandora/object/pitt%3A31735066237524,"Box 3, Folder 149",Owner: 葉克培 [YE Kepei] -- Place: 福建省古田縣 [Fujian Sheng Gutian Xian] -- Government,Government,1933,民國貳拾貳年十月,1933,5 民國 (1912–1948),易知單,tax/registration,古田縣 □都□甲,古田縣,福建,古田縣,田壹畝叁分 (建屯),,,,,應徵銀壹錢壹分正,high,"頒給彙造便民四柱易知單, 糧戶葉克培; tax notice, no price.",1
pitt:31735066266564,https://digital.library.pitt.edu/islandora/object/pitt%3A31735066266564,"Box 3, Folder 151",Seller: 黃懷周 [HUANG Huaizhou] -- Buyer: 邵李氏 [Shaolishi] -- Place: 福建省閩侯縣 [Fujian Sheng Minhou Xian] -- Government,Government,1934 to 1940,中華民國廿叁年十一月廿伍號,1934,5 民國 (1912–1948),胎押契,conditional sale (典),閩侯邑安民鋪地方 (公安局現編門牌第十四號),閩侯縣,福建,福州核心(閩/侯官/閩侯/林森),厝屋全座 (四柱叁堵、後廚房…),價銀大洋弍佰肆拾元,240,大洋,銀元,(典契紙) 應納稅銀貳元捌角正 (?),medium,"黃懷周 → 邵李氏, 胎押, 每元行息; 典契紙 民國廿九年拾月 (1940): 典價貳百肆拾元, 立契廿三年十一月廿五日; tax reading uncertain.",2
pitt:31735066267521,https://digital.library.pitt.edu/islandora/object/pitt%3A31735066267521,"Box 3, Folder 150",Seller: 林述璋 [LIN Shuzhang] -- Buyer: 林學通 [LIN Xuetong] -- Place: 福建省閩侯縣 [Fujian Sheng Minhou Xian] -- Government,Government,1934,民國貳拾叁年拾貳月,1934,5 民國 (1912–1948),賣斷契; 驗契證,sale,閩侯邑嘉崇里叁都下陣洋地方,閩侯縣,福建,福州核心(閩/侯官/閩侯/林森),田 面根全民田壹號 官丈壹畝玖分捌厘,田價銀大洋貳百員正,200,大洋,銀元,未稅契驗契證 驗契費銀壹圓,high,林述璋 → 林學通. 驗契證 產價貳百元.,2
pitt:31735066267695,https://digital.library.pitt.edu/islandora/object/pitt%3A31735066267695,"Box 3, Folder 161",Owner: 林施裕 [LIN Shiyu] -- Place: 福建省永泰縣 [Fujian Sheng Yongtai Xian] -- Government,Government,1939,民國貳拾叁年拾貳月,1934,5 民國 (1912–1948),典契,conditional sale (典),(永泰)三十四都龍湘地方 土名橄欖坵等處,永泰縣,福建,永泰縣,"田 底面全 (民田數號, 載租谷, 糧壹錢陸分柒厘)",時值價錢陸拾捌仟陸佰文正,68600,文(銅錢),銅錢(文),應納稅銀 國幣陸角玖分正; 逾限罰金 陸角玖分,high,"金敏涂 → 林施裕, 伍年為限取贖 (written 立賣契 but redeemable). 典契紙 民國二十八年二月 records 典價 國幣陸拾捌元陸角 (68.6元) and tax 6角9分; 業主逾限罰金收據 民國二十八年二月十一日 6角9分.",3
pitt:31735066237466,https://digital.library.pitt.edu/islandora/object/pitt%3A31735066237466,"Box 3, Folder 153",Seller: 陳如良 [CHEN Ruliang] -- Buyer: （陈？）謀丁 [(CHEN?) Mouding] -- Place: 福建省古田縣 [Fujian Sheng Gutian Xian] -- Government,Government,,中華民國二十四年正月,1935,5 民國 (1912–1948),典佃田根契 + 驗契證,conditional sale (典),十二都地方土名利洋裡,古田縣,福建,古田縣,田壹號 受種二斗五升 (驗契證: 捌畝伍分),典價重銀番肆拾員正,40,元(銀元),銀元,驗契費銀壹元,medium,"陳如良→丁祖謀, 3年限取贖. 古田縣未稅契驗契證 產價肆拾元. Annotation 民國三十年贖田作廢.",2
pitt:31735066266762,https://digital.library.pitt.edu/islandora/object/pitt%3A31735066266762,"Box 3, Folder 152",Owner: 劉德桂 [LIU Degui] 劉德輝 [LIU Dehui] 劉如慶 [LIU Ruqing] and 劉景星 [LIU Jingxing] -- Place: 福建省建陽縣 [Fujian Sheng Jianyang Xian] -- Government,Government,1935,中華民國二十四年七月,1935,5 民國 (1912–1948),補新契 (官契紙),other,建陽縣 新溪 水南文廟 等處,建陽縣,福建,建陽縣,"祀田 數坵 (皮骨米/骨米 計開: 壹籮五斗, 四籮五斗, 四籮, 陸籮, 壹籮 等)",,,,,,medium,Replacement deed by 劉德桂/德輝/如慶/景星 for ancestral 祀田 whose original deeds were lost in the 咸豐 洪楊 upheaval; no price.,1
pitt:31735066267570,https://digital.library.pitt.edu/islandora/object/pitt%3A31735066267570,"Box 3, Folder 155",Owner: 林親顶 [LIN Qinding] -- Seller: 陳佃 [CHEN Dian] -- Buyer: 施至祥 [SHI Zhixiang] -- Place: 福建省晉江縣 [Fujian Sheng Jinjiang Xian] -- Government,Government,1935 to 1953,中華民國二十四年十月,1935,5 民國 (1912–1948),管契 (官契) / 契紙,tax/registration,晉江縣南門外三十?都□山鄉,晉江縣,福建,晉江縣,厝 (承祖父遺下民厝),估值大洋銀陸拾元,60,大洋,銀元,,medium,"林親頂 立管契 to obtain 官契 (lost deed, value assessed). 1953 公定契紙 (分拆): 陳佃 → 施至祥, 農 land 玖十六箱內 0畝捌分捌厘, 價陸拾萬元 (old RMB 600,000), 立契日期 卅八?/叁八.",2
pitt:31735068223456,https://digital.library.pitt.edu/islandora/object/pitt%3A31735068223456,"Box 3, Folder 155A",Seller: 劉人科 [LIU Renke] -- Buyer: 劉子知後裔 [descendants of LIU Zizhi] -- Place: 福建省閩清縣 [Fujian Sheng Minqing Xian] -- Government,Government,1935,中華民國廿四年十月,1935,5 民國 (1912–1948),補斷契,other,閩清縣 六都地方 土名麟田洋,閩清縣,福建,閩清縣,"厝柄田 (計租米玖拾六斤?), 祭業",,,,,,medium,劉人科 補立斷契 (replacement deed for lost original) to 劉子知公裔; no price stated.,1
pitt:31735066237706,https://digital.library.pitt.edu/islandora/object/pitt%3A31735066237706,"Box 3, Folder 159",Seller: 陳欽隆 [CHEN Qinlong] -- Buyer: 陳欽瑞 [CHEN Qinrui] -- Place: 福建省 [Fujian Sheng] -- Personal,Personal,1936,民國丙子念拾伍年二月,1936,5 民國 (1912–1948),盡根斷賣契並找價,sale,土名坐在長坵落,,福建,不明,"民園一段, 計地伍分",國幣大洋陸拾員正,60,國幣元,國幣/法幣,,high,陳欽隆賣與從弟陳欽瑞; 盡根 + 找價 in one deed.,1
pitt:31735066266622,https://digital.library.pitt.edu/islandora/object/pitt%3A31735066266622,"Box 3, Folder 157",Seller: 陳欽隆 [CHEN Qinlong] -- Buyer: 陳欽瑞 [CHEN Qinrui] -- Place: 福建省閩侯縣 [Fujian Sheng Minhou Xian] -- Personal,Personal,1936,民國丙子念拾伍年二月,1936,5 民國 (1912–1948),盡根斷賣契並找價,sale,坐在長垣落(?),閩侯縣,福建,福州核心(閩/侯官/閩侯/林森),民園一段 計地伍分,共賣出大洋番陸拾圓正,60,大洋,銀元,,high,陳欽隆→從弟欽瑞; annotation 內應產價大洋陸拾員正.,1
pitt:31735066266663,https://digital.library.pitt.edu/islandora/object/pitt%3A31735066266663,"Box 3, Folder 158",Seller: 陳欽隆 [CHEN Qinlong] -- Buyer: 陳欽瑞 [CHEN Qinrui] -- Place: 福建省 [Fujian Sheng] -- Personal,Personal,1936,民國丙子念伍年二月,1936,5 民國 (1912–1948),盡根斷賣契並找價,sale,(在)莊厝前坑,,福建,不明,民田壹段 計地陸分,國幣大洋壹佰壹拾伍員正,115,大洋,銀元,,high,陳欽隆 → 陳欽瑞 (盡根斷賣並找價).,1
pitt:31735066266671,https://digital.library.pitt.edu/islandora/object/pitt%3A31735066266671,"Box 3, Folder 156",Seller: 陳欽隆 [CHEN Qinlong] -- Buyer: 陳欽瑞 [CHEN Qinrui] -- Place: 福建省 [Fujian Sheng] -- Personal,Personal,1936,民國丙子念伍年二月,1936,5 民國 (1912–1948),盡根斷賣契並找價,sale,庄厝前坑落經能幹 (姚田埔),,福建,不明,田 民田壹段 計地陸分,盡根並找價共賣出大洋番壹佰壹拾伍員正,115,大洋,銀元,,high,陳欽隆 → 從弟陳欽瑞.,1
pitt:31735066237763,https://digital.library.pitt.edu/islandora/object/pitt%3A31735066237763,"Box 3, Folder 160",Owner: 吳修晟 [WU Xiusheng] -- Place: 福建省晉江縣 [Fujian Sheng Jinjiang Xian] -- Government,Government,1937,中華民國二十六年八月,1937,5 民國 (1912–1948),補契紙,tax/registration,晉江縣 錫坑鄉 土名太姚墓,晉江縣,福建,晉江縣,民園 ○畝九分○釐,產價法幣壹拾捌元正,18,法幣,國幣/法幣,法幣叁角陸分正,high,"補契 for 祖遺 property (無契原因: 年湮代遠), 吳修晟. Assessed value, not a sale.",1
pitt:31735064607553,https://digital.library.pitt.edu/islandora/object/pitt%3A31735064607553,"Box 3, Folder 162",Seller: 藍維乾 [LAN Weiqian] and 藍維坤 [LAN Weikun] -- Buyer: 吳淮棉 [WU Huaimian] -- Personal,Personal,1940,中華民國庚辰廿九年捌月,1940,5 民國 (1912–1948),賣斷契,sale,本山 土名庭下坑,,,不明,山園壹號 大小排坵 栽藤壹千伍佰餘根,國幣銀壹佰壹拾員正,110,國幣元,國幣/法幣,,high,藍維乾/藍維坤 → 吳淮棉. County not stated.,1
pitt:31735066266630,https://digital.library.pitt.edu/islandora/object/pitt%3A31735066266630,"Box 3, Folder 163",Seller: 陳老鳳 [CHEN Laofeng] -- Buyer: 陳玉書 [CHEN Yushu] -- Place: 福建省 [Fujian Sheng] -- Personal,Personal,1941,中華民國叁拾年二月,1941,5 民國 (1912–1948),盡根斷賣契,sale,本厝 (place not named),,福建,不明,民房壹間 (連天井牛欄地),盡根賣出國幣陸佰員正,600,國幣元,國幣/法幣,,high,陳老鳳 → 陳玉書.,1
pitt:31735066237540,https://digital.library.pitt.edu/islandora/object/pitt%3A31735066237540,"Box 3, Folder 164",Owner: 張道興 [ZHANG Daoxing] -- Seller: 余傳荃 [YU Chuanquan] -- Buyer: 張道興 [ZHANG Daoxing] -- Place: 福建省閩清縣 [Fujian Sheng Minqing Xian] -- Government,Government,1942 to 1943,中華民國叁拾壹年拾壹月,1942,5 民國 (1912–1948),賣斷契 + 賣契本契,sale,閩清縣 本鄉地方土名過頭洋上下截等處；(契紙)南都金沙鄉,閩清縣,福建,閩清縣,田根 民田根壹號，受種柒升伍合，載租米壹拾斗，地號伍佰壹拾柒號等,根價銀國幣弍佰伍拾元正,250,國幣元,國幣/法幣,應納契稅弍拾伍元0角0分 (民國卅二年六月報稅),high,"余傳荃 sells 田根 to 張道興. 財政部福建省閩清縣田賦管理處 賣契本契 1943.6, 產業時價弍百伍拾元; tax 10%.",2
pitt:31735066237714,https://digital.library.pitt.edu/islandora/object/pitt%3A31735066237714,"Box 3, Folder 165",Owner: 黃昌聲 [HUANG Changsheng] -- Buyer: 陳智存 [CHEN Zhicun] -- Place: unknown -- Government,Government,1943,中華民國三十二年十二月,1943,5 民國 (1912–1948),執照(租米收據),other,,,,不明,租米,,,,,,medium,Rent receipt: 黃昌聲 received from 陳智存 本年份租米貳斗壹升正(?) ; no transaction price.,1
pitt:31735066267554,https://digital.library.pitt.edu/islandora/object/pitt%3A31735066267554,"Box 3, Folder 166",Seller: 黃炮 [HUANG Pao] -- Buyer: 沈秀清 [SHEN Xiuqing] -- Place: 福建省東山縣 [Fujian Sheng Dongshan Xian] -- Government,Government,1943 to 1952,中華民國叁拾貳年捌月,1943,5 民國 (1912–1948),典契,conditional sale (典),東山縣黃(?)…南門大巷境內 (典契紙: 南門頂巷),東山縣,福建,東山縣,"瓦屋壹座 (房壹間, 伙食房壹間) 面積零畝零分柒厘壹毫",國幣銀伍佰員正,500,國幣元,國幣/法幣,人民幣貳千元 (1952 典契紙 tax),medium,"1943 private 典契 (典期限至伍年). 1952 福建省人民政府公定典契紙 records 典價人民幣柒萬伍千貳佰元 (75,200 old RMB; 貳佰 added, low confidence), 繳納稅額 貳千元; 繳款書 1952 契稅 ¥2,000.",3
pitt:31735064607637,https://digital.library.pitt.edu/islandora/object/pitt%3A31735064607637,"Box 3, Folder 167",Owner: 葉文怡 [YE Wenyi] -- Place: 福建省永泰縣 [Fujian Sheng Yongtai Xian] -- Government,Government,1945,中華民國三十四年,1945,5 民國 (1912–1948),土地管業執照,certificate,永泰縣梧桐鄉鎮土名橫樓,永泰縣,福建,永泰縣,基地 二等下則 0畝9分捌釐,,,,,賦額 0元壹角叁分,high,地價 field blank. Also a 1963 支款凭証 (農業收入分配 ¥6310.92) and a fragment; unrelated to price.,3
pitt:31735066266481,https://digital.library.pitt.edu/islandora/object/pitt%3A31735066266481,"Box 3, Folder 168",Owner: 黃生官 [HUANG Shengguan] -- Place: 福建省林森縣 [Fujian Sheng Linsen Xian] -- Government,Government,1945,三十四年下期併征三十五年上期,1945,5 民國 (1912–1948),田賦收據,tax/registration,林森縣,林森縣,福建,福州核心(閩/侯官/閩侯/林森),田 (伍畝…),,,,,"征實/征借 稻穀 (amounts in 石斗升, hard to read)",medium,"林森田賦糧食管理處 receipt, 業戶黃生官; no price.",1
pitt:31735066266598,https://digital.library.pitt.edu/islandora/object/pitt%3A31735066266598,"Box 3, Folder 169",Seller: 林明尊 [LIN Mingzun] -- Buyer: 陳功存 [CHEN Gongcun] -- Place: 福建省上竹林 [Fujian Sheng Shangzhulin] -- Personal,Personal,1945,民國叁十四年十□月,1945,5 民國 (1912–1948),斷契,sale,十八都墓墘地方土名上竹林,,福建,不明,田 根面全田乙號 乙畝陸分正,田根價錢國幣壹仟陸佰元正,1600,國幣元,國幣/法幣,,medium,林明尊 斷與 陳功存.,1
pitt:31735064607421,https://digital.library.pitt.edu/islandora/object/pitt%3A31735064607421,"Box 4, Folder 173",Seller: 張學車 [ZHANG Xueche] -- Buyer: 陳書寶 [CHEN Shubao] and 張學車 [ZHANG Xueche] -- Place: 福建省福清縣 [Fujian Sheng Fuqing Xian] -- Government,Government,1946 to 1951,中華民國三十五年六月,1946,5 民國 (1912–1948),賣斷契,sale,福州市五甲街地方門牌(9)號 屬三區二一段九九八地號,福州市,福建,福州核心(閩/侯官/閩侯/林森),店屋壹座 (宅) 面積零畝零分伍厘肆毫,國幣壹萬元正,10000,國幣元,國幣/法幣,人民幣壹拾萬捌仟元 (later form); 1946 稅 receipt 陸仟…元,medium,"張學車 → 陳書寶. Private deed in 國幣 (amount read 壹萬元, medium). Attached PRC-era 福州市 公定契紙 (公元一九四六年六月 立契) lists 屋價人民幣壹佰捌拾萬元, 稅額人民幣壹拾萬捌仟元 (6%).",1
pitt:31735066266432,https://digital.library.pitt.edu/islandora/object/pitt%3A31735066266432,"Box 3, Folder 170",Owner: 黃克動 [HUANG Kedong] -- Place: 福建省林森縣 [Fujian Sheng Linsen Xian] -- Government,Government,1946,三十五年下期併征三十六年上期,1946,5 民國 (1912–1948),田賦收據,tax/registration,林森縣 村下保,林森縣,福建,福州核心(閩/侯官/閩侯/林森),田 壹畝玖分0厘,,,,,應納賦額 壹元貳角柒分(?) + 實物征借谷,low,"業戶黃克動; land-tax receipt, no price.",1
pitt:31735066266499,https://digital.library.pitt.edu/islandora/object/pitt%3A31735066266499,"Box 4, Folder 171",Owner: 黃克動 [HUANG Kedong] -- Place: 福建省林森縣 [Fujian Sheng Linsen Xian] -- Government,Government,1946,三十五年下期併征三十六年上期,1946,5 民國 (1912–1948),田賦征實通知單,tax/registration,林森縣,林森縣,福建,福州核心(閩/侯官/閩侯/林森),田 (畝分總額 ?畝玖分?厘),,,,,征實/征借 grain amounts in 石斗升 (partly illegible),low,"Land-tax-in-kind notice for 黃克勤?, 代理人黃生官. No price.",1
pitt:31735066266507,https://digital.library.pitt.edu/islandora/object/pitt%3A31735066266507,"Box 4, Folder 172",Owner: 黃森官等 [HUANG Senguan etc.] -- Place: 福建省林森縣 [Fujian Sheng Linsen Xian] -- Government,Government,1946,三十五年下期併征三十六年上期,1946,5 民國 (1912–1948),田賦征收通知單,tax/registration,林森縣,林森縣,福建,福州核心(閩/侯官/閩侯/林森),田/農基,,,,,red stamp: 折...叁仟零伍元 (法幣)?,low,Land-tax (征實/征借) notice for 黃森官等; no price.,1
pitt:31735066267935,https://digital.library.pitt.edu/islandora/object/pitt%3A31735066267935,"Box 4, Folder 187",Seller: 陳潮寳 [CHEN Chaobao] -- Buyer: 陳敦清 [CHEN Dunqing] -- Place: 福建省林森縣 [Fujian Sheng Linsen Xian] -- Government,Government,1947,民國卅五年十二月 (立契); 發給 卅六年十一月,1946,5 民國 (1912–1948),賣契本契,sale,林森縣蓮峯鄉風埔保溽(?)村,林森縣,福建,福州核心(閩/侯官/閩侯/林森),田 壹畝○分○厘,賣價貳拾五萬元,250000,國幣元,國幣/法幣,壹萬伍仟元,high,陳潮寳 → 陳敦清. Tax = 6%.,1
pitt:31735066237771,https://digital.library.pitt.edu/islandora/object/pitt%3A31735066237771,"Box 4, Folder 185",Owner: 黃克動 [HUANG Kedong] and 黃生官 [HUANG Shengguan] -- Place: 福建省林森縣 [Fujian Sheng Linsen Xian] -- Government,Government,1947,中華民國三十六年,1947,5 民國 (1912–1948),土地管業執照,certificate,林森縣 邑嶼鄉 土名王橋(?),林森縣,福建,福州核心(閩/侯官/閩侯/林森),"田 (面積/賦額 handwritten, unclear)",,,,,,medium,"林森縣政府 土地管業執照, 業主黃克動 代表人黃生官; 地價 field blank; seal 管業執照歸面主收執.",1
pitt:31735066266143,https://digital.library.pitt.edu/islandora/object/pitt%3A31735066266143,"Box 4, Folder 174",Owner: 王鐘鈞 [WANG Zhongjun] -- Place: 福建省林森縣 [Fujian Sheng Linsen Xian] -- Government,Government,1947,中華民國三十六年四月,1947,5 民國 (1912–1948),土地管業執照,certificate,"林森縣馬路下, 西字第5段第20號",林森縣,福建,福州核心(閩/侯官/閩侯/林森),"田 二等上則, 零畝捌分玖厘",,,,,賦額 零元四角伍分,medium,業主王鐘鈞; 地價 blank.,1
pitt:31735066266150,https://digital.library.pitt.edu/islandora/object/pitt%3A31735066266150,"Box 4, Folder 175",Owner: 王鐘鈞 [WANG Zhongjun] -- Place: 福建省林森縣 [Fujian Sheng Linsen Xian] -- Government,Government,1947,中華民國三十六年四月,1947,5 民國 (1912–1948),土地管業執照,certificate,林森縣孤居?鄉 土名馬坑 (西字第5段32號),林森縣,福建,福州核心(閩/侯官/閩侯/林森),基地 下則 (面積 零畝零分柒厘),,,,,賦額 零元零角細(?)分,medium,Owner 王鐘鈞; 地價 field blank.,1
pitt:31735066266168,https://digital.library.pitt.edu/islandora/object/pitt%3A31735066266168,"Box 4, Folder 176",Owner: 林修枝 [LIN Xiuzhi] -- Place: 福建省林森縣 [Fujian Sheng Linsen Xian] -- Government,Government,1947,中華民國三十六年四月,1947,5 民國 (1912–1948),土地管業執照,certificate,林森縣 □居鄉 土名馬坑 西字第5段第48號,林森縣,福建,福州核心(閩/侯官/閩侯/林森),蕩地 叁等上則 零畝壹分伍厘,,,,,賦額零元零角弍分,high,Land ownership certificate for 林修枝; 地價 field blank.,1
pitt:31735066266176,https://digital.library.pitt.edu/islandora/object/pitt%3A31735066266176,"Box 4, Folder 177",Owner: 林修枝 [LIN Xiuzhi] -- Place: 福建省林森縣 [Fujian Sheng Linsen Xian] -- Government,Government,1947,中華民國三十六年四月,1947,5 民國 (1912–1948),土地管業執照,certificate,林森縣 ?厝鄉 土名馬路下 西字第5段第19號,林森縣,福建,福州核心(閩/侯官/閩侯/林森),田 壹畝貳分零厘,,,,,賦額零元柒角貳分,high,業主林修枝; 地價 field blank.,1
pitt:31735066266184,https://digital.library.pitt.edu/islandora/object/pitt%3A31735066266184,"Box 4, Folder 178",Owner: 林修枝 [LIN Xiuzhi] -- Place: 福建省林森縣 [Fujian Sheng Linsen Xianen] -- Government,Government,1947,中華民國三十六年四月,1947,5 民國 (1912–1948),土地管業執照,certificate,林森縣 花居(?)鄉 土名門前；西字第5段38號,林森縣,福建,福州核心(閩/侯官/閩侯/林森),田 壹等下則，壹畝壹分伍厘,,,,,賦額零元陸角玖分,high,Land title certificate for 林修枝; 地價 field blank.,1
pitt:31735066266192,https://digital.library.pitt.edu/islandora/object/pitt%3A31735066266192,"Box 4, Folder 179",Owner: 林修枝 [LIN Xiuzhi] -- Place: 福建省林森縣 [Fujian Sheng Linsen Xian] -- Government,Government,1947,中華民國三十六年四月,1947,5 民國 (1912–1948),土地管業執照,certificate,林森縣 □居鄉 土名馬坑 西字第□段第110號,林森縣,福建,福州核心(閩/侯官/閩侯/林森),基地 上則 零畝弍分捌厘,,,,,賦額零元零角壹分,high,業主林修枝; 地價 field blank.,1
pitt:31735066266200,https://digital.library.pitt.edu/islandora/object/pitt%3A31735066266200,"Box 4, Folder 180",Owner: 林修枝 [LIN Xiuzhi] -- Place: 福建省林森縣 [Fujian Sheng Linsen Xian] -- Government,Government,1947,中華民國三十六年四月,1947,5 民國 (1912–1948),土地管業執照,certificate,林森縣荊屏(?)鄉 土名月坑(?) 西字第?段第111號,林森縣,福建,福州核心(閩/侯官/閩侯/林森),基地 上則 零畝零分貳厘,,,,,賦額 零元零角壹分,high,Land ownership certificate for 林修枝; 地價 field blank.,1
pitt:31735066266218,https://digital.library.pitt.edu/islandora/object/pitt%3A31735066266218,"Box 4, Folder 181",Owner: 林修枝 [LIN Xiuzhi] -- Place: 福建省林森縣 [Fujian Sheng Linsen Xian] -- Government,Government,1947,中華民國三十六年四月,1947,5 民國 (1912–1948),土地管業執照,certificate,"林森縣 □屋鄉 土名坑裡, 西字第5段",林森縣,福建,福州核心(閩/侯官/閩侯/林森),農地 弍等上則 壹畝壹分零厘,,,,,賦額零元伍角伍分,medium,業主林修枝; 地價 field blank.,1
pitt:31735066266226,https://digital.library.pitt.edu/islandora/object/pitt%3A31735066266226,"Box 4, Folder 182",Owner: 林修枝 [LIN Xiuzhi] -- Place: 福建省林森縣 [Fujian Sheng Linsen Xian] -- Government,Government,1947,中華民國三十六年四月,1947,5 民國 (1912–1948),土地管業執照,certificate,"林森縣白龍厝前, 西字第4段第139號",林森縣,福建,福州核心(閩/侯官/閩侯/林森),"田 一等下則, 壹畝玖分伍厘",,,,,賦額 壹元弍角柒分,high,業主林修枝; 地價 blank.,1
pitt:31735066266234,https://digital.library.pitt.edu/islandora/object/pitt%3A31735066266234,"Box 4, Folder 183",Owner: 林修枝 [LIN Xiuzhi] -- Place: 福建省林森縣 [Fujian Sheng Linsen Xian] -- Government,Government,1947,中華民國三十六年四月,1947,5 民國 (1912–1948),土地管業執照,certificate,林森縣孤居?鄉 土名馬坑 (西字第5段118號),林森縣,福建,福州核心(閩/侯官/閩侯/林森),基地 上則 (零畝零分捌厘),,,,,賦額 零元零角叁分,medium,Owner 林修枝 (馬井村); 地價 field blank.,1
pitt:31735066266242,https://digital.library.pitt.edu/islandora/object/pitt%3A31735066266242,"Box 4, Folder 184",Owner: 林修枝 [LIN Xiuzhi] -- Place: 福建省林森縣 [Fujian Sheng Linsen Xian] -- Government,Government,1947,中華民國三十六年四月,1947,5 民國 (1912–1948),土地管業執照,certificate,林森縣 □居鄉 白龍坪上 西字第4段第222號,林森縣,福建,福州核心(閩/侯官/閩侯/林森),田 壹等下則 零畝玖分零厘,,,,,賦額零元伍角捌(?)分,high,Certificate for 林修枝; 地價 blank.,1
pitt:31735066266333,https://digital.library.pitt.edu/islandora/object/pitt%3A31735066266333,"Box 4, Folder 186",Owner: 黃生官 [HUANG Shengguan] -- Place: 福建省林森縣 [Fujian Sheng Linsen Xian] -- Government,Government,1947,中華民國三十六年八月,1947,5 民國 (1912–1948),土地管業執照,certificate,林森縣 島嶼鄉 島字第3段第26號,林森縣,福建,福州核心(閩/侯官/閩侯/林森),田 伍畝貳分零厘,,,,,賦額叁元叁角捌分,medium,業主黃生官; 地價 blank.,1
pitt:31735066267547,https://digital.library.pitt.edu/islandora/object/pitt%3A31735066267547,"Box 4, Folder 188",Seller: 黃榮森 [HUANG Rongsen] -- Buyer: 黃煌 [HUANG Huang] -- Place: 福建省東山縣 [Fujian Sheng Dongshan Xian] -- Government,Government,1947 to 1952,中華民國叁拾陸年國曆拾月,1947,5 民國 (1912–1948),典契,conditional sale (典),東山 草厝頂 (本家厝左…巷路),東山縣,福建,東山縣,草厝頂 樓屋壹座 (廳壹間、後房壹間…); 面積零畝零分陸厘柒毫,時價國幣壹佰萬元正,1000000,國幣元,國幣/法幣,(1952典契紙) 繳納稅額人民幣柒千肆百柒拾元; 繳款書 柒仟伍佰元,high,"黃榮森 → 族叔黃煌, 典期至伍年終. Also 立認典契 same date 國幣壹佰萬元. 1952 (公元一九五二年七月) 福建省人民政府典契紙: 典價人民幣貳拾肆萬玖千元 (249,000 old RMB), tax 7,470; 繳款書 1952-08-14 7,500元.",3
pitt:31735068223464,https://digital.library.pitt.edu/islandora/object/pitt%3A31735068223464,"Box 4, Folder 188A",Owner: 余挹岩 [YU Yiyan] -- Place: 上海市 [Shanghai Shi] -- Property Charity bazaar letter,Property Charity bazaar letter,1948,中華民國卅七年七月十七日,1948,5 民國 (1912–1948),其他,other,上海市,上海市,,上海市,甲種房屋 (charity lottery prize),,,,,,high,Not a deed: letters from 上海市救濟委員會 房屋義賣部 informing 余挹巖 he won a 甲種房屋 in charity sale lottery; second letter from 貴州省中小學科學儀器製造廠; envelope. No price.,3
pitt:31735066267653,https://digital.library.pitt.edu/islandora/object/pitt%3A31735066267653,"Box 4, Folder 190",Place: 華東 [Huadong(East China)] -- Government,Government,1949,1949,1949,6 1949年後,其他,other,,,,不明,,,,,,印花稅票 50枚: 伍百圓 overprinted 暫作伍拾圓,high,Sheet of PRC 1949 revenue stamps pasted on paper; no deed text visible.,1
pitt:31735066267679,https://digital.library.pitt.edu/islandora/object/pitt%3A31735066267679,"Box 4, Folder 192",Seller: 林定宗（林登宗？） [LIN Ding(Deng)zong] -- Buyer: 余溪 [YU Xi] -- Place: 福建省東山縣 [Fujian Sheng Dongshan Xian] -- Government,Government,1949 to 1952,中華民國卅捌年古曆□月,1949,6 1949年後,典契,conditional sale (典),東山 土名池仔底 (竹蒲池邊),東山縣,福建,東山縣,"厝壹間 (平房, 廳壹櫚), 0畝0分貳厘貳毫",大銀叁拾圓正 (即日仝中親收太洋銀叁拾圓),30,大洋,銀元,"人民幣壹萬零肆百元 (10,400) 1952",medium,"林登宗典與余溪, 叁年為限. 1952 公定契紙: 典價人民幣叁拾捌萬伍千元 (385,000 old RMB), 契稅10,400 元, 繳款書1952年9月 10,400. Inner note on 圓銀庫秤柒錢二分 conversion.",3
pitt:31735066267752,https://digital.library.pitt.edu/islandora/object/pitt%3A31735066267752,"Box 4, Folder 199",Seller: 孫宗馨 [SUN Zongxin ] -- Place: 福建省東山縣 [Fujian Sheng Dongshan Xian] -- Government,Government,1952,中華民國叁拾捌年國曆拾月,1949,6 1949年後,出典契 + 典契紙,conditional sale (典),東山 大井保拾四甲叁戶 (挑水街大學邊),東山縣,福建,東山縣,厝壹廳壹房間 (0畝0分2厘2毫),足赤金旧秤壹兩柒錢正,1.7,兩(金),黃金,1952典契紙 繳納稅額 人民幣伍萬伍千壹百零拾元,high,"許其和 → 孫宗馨. 1952年六月 典契紙 典價人民幣壹百捌拾叁萬陸千元 (1,836,000); 典期伍年.",2
pitt:31735066267778,https://digital.library.pitt.edu/islandora/object/pitt%3A31735066267778,"Box 4, Folder 189",Owner: 嬌世范 [JIAO Shifan] -- Place: 遼寧省新金縣 [Liaoning Sheng Xinjin Xian] -- Government,Government,1949,中華民國三十八年三月二十六日,1949,6 1949年後,土地執照,certificate,遼寧省新金縣孤山區嬌溝村,新金縣,遼寧,新金縣,旱田4段 共計五畝八分七,,,,,,high,Land-reform certificate (東北行政委員會) for 嬌世範 household of 5; no price.,1
pitt:31735066267794,https://digital.library.pitt.edu/islandora/object/pitt%3A31735066267794,"Box 4, Folder 193",Seller: 劉隹 [LIU Zhui] -- Buyer: 沙延德 [SHA Yande] -- Place: 福建省東山縣 [Fujian Sheng Dongshan Xian] -- Government,Government,1949 to 1952,民國卅八年古曆柒月,1949,6 1949年後,借厝合約 + 典契紙,conditional sale (典),東山縣西門兜(土名西門兜茄藍公廟邊),東山縣,福建,東山縣,厝 平房壹間 (後房壹間)，面積零畝零分叁厘陸毫,赤金舊秤重柒錢正,7,"錢(赤金,舊秤)",黃金,"人民幣弍萬弍千陸百零拾元 (22,680)",medium,"Original 1949 借厝合約 劉隹 with 沙延德: 赤金柒錢 (=0.7兩 gold), 期限三年. 1952年7月 典契紙: 典價人民幣柒拾五萬陆千元 (756,000), tax 3% =22,680; 繳款書 1952.9.6.",3
pitt:31735066267927,https://digital.library.pitt.edu/islandora/object/pitt%3A31735066267927,"Box 4, Folder 191",Seller: unknown -- Place: 福建省福州市 [Fujian Sheng Fuzhou Shi] -- Government,Government,1949,中華民國卅八年四月弍日,1949,6 1949年後,其他,other,福州,,福建,不明,,,,,,,high,Not a land document: 交通部公路總局第三區公路工程管理局 appointment order for 賴錡濤 (薪伍拾元).,1
pitt:31735066267455,https://digital.library.pitt.edu/islandora/object/pitt%3A31735066267455,"Box 4, Folder 194",Owner: 王萃延 [WANG Cuiyan] -- Place: 福建省南安縣 [Fujian Sheng Nan'an Xian] -- Government,Government,1951,一九五一年,1951,6 1949年後,土地房產所有證,certificate,南安縣第拾壹區紫陽鄉下房村,南安縣,福建,南安縣,土地 ~叁畝叁分 (多段農地) + 房產,,,,,,medium,"Land-reform certificate, 王華廷等; no price.",1
pitt:31735066267877,https://digital.library.pitt.edu/islandora/object/pitt%3A31735066267877,"Box 4, Folder 195",Owner: 黃生官 [HUANG Shengguan] -- Place: 福建省閩侯縣 [Fujian Sheng Minhou Xian] -- Government,Government,1951,一九五壹年拾月拾柒日,1951,6 1949年後,土地房產所有證,certificate,閩侯縣第肆區輔?鄉村裡,閩侯縣,福建,福州核心(閩/侯官/閩侯/林森),"可耕地肆段壹畝?, 房屋叁間",,,,,,medium,Land reform certificate for 黃生官 et al.; no price.,1
pitt:31735068223472,https://digital.library.pitt.edu/islandora/object/pitt%3A31735068223472,"Box 4, Folder 195A",Seller: 王細細弟 [Younger brother of WANG Xixi] -- Buyer: 王炳凱 [WANG Bingkai] -- Place: 福建省閩侯縣 [Fujian Sheng Minhou Xian] -- Personal,Personal,1951,公元一九五一年四月,1951,6 1949年後,繼承契,other,閩侯橫山鋪秋龍社高頂埕地方 第三區十八段第四七八號,閩侯縣,福建,福州核心(閩/侯官/閩侯/林森),厝屋壹座 面積零畝零分肆厘捌毫,,,,,,high,Inheritance deed by 王細細俤 confirming earlier sale (民國卅三年五月 立契價賣) to 王炳凱 for tax registration; no price stated.,1
pitt:31735066266754,https://digital.library.pitt.edu/islandora/object/pitt%3A31735066266754,"Box 4, Folder 196",Owner: 林宗 [LIN Zong] 吳淑珍 [WU Shuzhen] 林涯 [ LIN Ya] and 林貢 [LIN Gong] -- Place: 福建省晉江縣 [Fujian Sheng Jinjiang Xian] -- Government,Government,1952,一九五二年三月,1952,6 1949年後,土地房產所有證,certificate,晉江縣第?區 豐光(?)鄉 田邊村,晉江縣,福建,晉江縣,many plots (農/田) + 房屋伍間,,,,,,high,Land reform certificate for 林宗/吳淑珍/林涯/林貢. No value.,1
pitt:31735066267422,https://digital.library.pitt.edu/islandora/object/pitt%3A31735066267422,"Box 4, Folder 197",Owner: 施性固 [SHI Xinggu] 顏蒜 [YAN Suan] 施能鎖 [SHI Nengsuo] and 施松柏 [SHI Songbai] -- Place: 福建省晉江縣 [Fujian Sheng Jinjiang Xian] -- Government,Government,1952,1952年二月,1952,6 1949年後,土地房產所有證,certificate,晉江縣第十二區山蘇鄉 湖漏邊/溝東/穴南等,晉江縣,福建,晉江縣,可耕地伍段 肆畝零捌分弍釐; 非耕地壹段,,,,,,medium,"PRC land reform certificate for 施性固, 顏蒜, 施能鎖, 施松柏 等; no value.",1
pitt:31735066267463,https://digital.library.pitt.edu/islandora/object/pitt%3A31735066267463,"Box 4, Folder 200",Owner: 黃滑 [HUANG Hua] 黃嚕 [ HUANG Lu] 黃世 [HUANG Shi] and 連芳 [LIAN Fang] -- Place: 福建省南安縣 [Fujian Sheng Nan'an Xian] -- Government,Government,1952,一九五二年五月十日,1952,6 1949年後,土地房產所有證,certificate,南安縣第拾區文斗鄉圳尾(?)村,南安縣,福建,南安縣,房屋叁間(平房)，地基叁段 叁畝(?),,,,,,high,Land-reform property certificate for 黃滑、黃嚕、黃世、連芳 共有; no price.,1
pitt:31735066267612,https://digital.library.pitt.edu/islandora/object/pitt%3A31735066267612,"Box 4, Folder 201",Owner: 李水旺 [LI Shuiwang] 陳連玉 [CHEN Lianyu] 李義妹 [LI Yimei] and 李義草 [LI Yicao] -- Place: 福建邵武縣 [Fujian Sheng Shaowu Xian] -- Government,Government,1952,一九五二年六月六日,1952,6 1949年後,土地房產所有證,certificate,邵武縣第壹區山溪鄉香山村 危家坪,邵武縣,福建,邵武縣,"可耕地拾段 拾叁畝?, 房屋肆間, 地基壹段",,,,,,medium,Land reform certificate for 李水旺、陳連玉、李義妹、李義草; no price.,1
pitt:31735066267661,https://digital.library.pitt.edu/islandora/object/pitt%3A31735066267661,"Box 4, Folder 207",Owner: 藍福良 [LAN Fuliang] -- Place: 四川省榮縣 [Sichuan Sheng Rong Xian] -- Government,Government,1953,一九五二年四月四日,1952,6 1949年後,土地房產所有證,certificate,川南區榮縣第叁區全農鄉團山村,榮縣,四川,榮縣,"田、土 (多段), 房屋瓦房貳間半 (三荣堂)",,,,,,high,Land-reform certificate for 藍福良 household; no price.,1
pitt:31735066267745,https://digital.library.pitt.edu/islandora/object/pitt%3A31735066267745,"Box 4, Folder 198",Seller: 朱發 [ZHU Fa ] -- Place: 福建省東山縣 [Fujian Sheng Dongshan Xian] -- Government,Government,1952,公元壹九五弍年新歷陸月,1952,6 1949年後,典契 + 典契紙 + 繳款書,conditional sale (典),東山 灣雅頭打綠街大宮邊,東山縣,福建,東山縣,店壹間帶樓頂廳壹間並屏後房壹間 (0畝0分5厘4毫),時價人民幣玖拾萬元整,900000,人民幣(舊幣)元,人民幣舊幣,"繳納稅額 人民幣貳萬柒千元 (繳款書 27000, 1952年9月5日)",high,出典人 沙群/沙秀玉 → 承典人 朱發 (metadata lists 朱發 as seller). 典期四年 (3年內不得贖); 承典人每年應納店租白米弍拾叁市斤. Tax 3%.,3
pitt:31735066267414,https://digital.library.pitt.edu/islandora/object/pitt%3A31735066267414,"Box 4, Folder 202",Owner: 李銀山 [LI Yinshan] -- Place: 四川省合川縣 [Sichuan Sheng Hechuan Xian] -- Government,Government,1953,一九五三年三月五日,1953,6 1949年後,土地房產所有證,certificate,川東區合川縣第貳區古城鄉 (田龍寺),合川縣,四川,合川縣,"可耕地叁段 + 非耕地, 房屋草房叁間, 地基壹段",,,,,,high,Land reform certificate for 李銀山 household; no price.,1
pitt:31735066267430,https://digital.library.pitt.edu/islandora/object/pitt%3A31735066267430,"Box 4, Folder 203",Seller: 陳佃 [CHEN Dian] -- Buyer: 施至尚 [SHI Zhishang] -- Place: 福建省晉江縣 [Fujian Sheng Jinjiang Xian] -- Government,Government,1953,一九五三年八月十五日 (立契五三.八),1953,6 1949年後,契紙(拆分),sale,晉江縣 華峰鄉 某寮村 西面埔仔,晉江縣,福建,晉江縣,土地(農) 0畝柒分壹厘0毫,估價貳拾叁萬元正,230000,人民幣(舊幣)元,人民幣舊幣,繳納稅額 blank; 印花稅票 7×暫作壹佰圓,medium,陳佃 → 施至尚; 福建省人民政府公定契紙 + 晉江縣契草紙 (two copies).,3
pitt:31735066267497,https://digital.library.pitt.edu/islandora/object/pitt%3A31735066267497,"Box 4, Folder 204",Seller: 方圍九 [FANG Weijiu] -- Buyer: 林武 [LIN Wu] -- Place: 福建省東山縣 [Fujian Sheng Dongshan Xian] -- Government,Government,1953,公元壹玖伍叁年玖月壹日,1953,6 1949年後,典契,conditional sale (典),東山縣城關區第二街文公祠門牌171號,東山縣,福建,東山縣,屋 樓房：樓頂前房壹間、後房壹間、樓下後房壹間，面積零畝零分陸厘叁毫,典價人民幣壹佰陸拾萬元,1600000,人民幣(舊幣)元,人民幣舊幣,"人民幣肆萬捌仟元 (繳款書 契稅收入 48000, 1953.11)",high,"方圍九 典與 林武, 限至叁年終取贖. Contains handwritten 典契 + 福建省人民政府 典契紙 (1953.11.29) + 繳款書. Tax 3%.",3
pitt:31735066267539,https://digital.library.pitt.edu/islandora/object/pitt%3A31735066267539,"Box 4, Folder 208",Seller: 陳佃 [CHEN Dian] -- Buyer: 施至尚 [SHI Zhishan] -- Place: 福建省晉江縣 [Fujian Sheng Jinjiang Xian] -- Government,Government,1953,公元一九五三年八月十五日,1953,6 1949年後,分析契紙/契稅繳款書,division,晉江縣 十九區華峰鄉龍寮村 東居路,晉江縣,福建,晉江縣,土地 0畝陸分捌厘0毫,估價貳拾捌萬元,280000,人民幣(舊幣)元,人民幣舊幣,"契稅繳款書: 稅率1%, 共征稅額 (大寫) 貳仟捌佰…元(?); 契紙費 …元; 印花 8×壹佰圓",low,"PRC 福建省人民政府公定分析契紙 + 草契 + 契稅繳款書, 原所有人陳佃 → 承受人施至尚. Third digit cursive, 捌 or 柒 uncertain (草契 reads 貳拾捌萬元). Tax amount handwriting hard to read.",4
pitt:31735066267562,https://digital.library.pitt.edu/islandora/object/pitt%3A31735066267562,"Box 4, Folder 205",Seller: 陳佃 [CHEN Dian] -- Buyer: 施至尚 [SHI Zhishang] -- Place: 福建省晉江縣 [Fujian Sheng Jinjiang Xian] -- Government,Government,1953,公元一九五三年八月十七日,1953,6 1949年後,分析契紙,division,晉江縣 十九區華峰鄉龍寮村 九十六窟內,晉江縣,福建,晉江縣,土地 0畝捌分柒厘0毫,估價貳拾柒萬元,270000,人民幣(舊幣)元,人民幣舊幣,印花 10×壹佰圓 stamps on 草契,medium,Companion of 31735066267539; 陳佃 → 施至尚. 草契 reads 貳柒萬元正.,3
pitt:31735066267604,https://digital.library.pitt.edu/islandora/object/pitt%3A31735066267604,"Box 4, Folder 206",Owner: 李文富 [LI Wenfu] -- Place: 雲南省鶴慶縣 [Yunnan Sheng Heqing Xian] -- Government,Government,1953,一九五三年肆月拾叁日,1953,6 1949年後,土地房產所有證,certificate,雲南省鶴慶縣第六區第二鄉文登村,鶴慶縣,雲南,鶴慶縣,土地柒段 共叁畝叁分 (水田/秧田/園地); 瓦房叁間,,,,,,high,PRC land reform ownership certificate for 李文富 household; no price.,1
pitt:31735066267505,https://digital.library.pitt.edu/islandora/object/pitt%3A31735066267505,"Box 4, Folder 209",Seller: 林清 [LIN Qing] -- Buyer: 陳蕃薯 [CHEN Fanshu] -- Place: 福建省東山縣 [Fujian Sheng Dongshan Xian] -- Government,Government,1954,公元一九五四年捌月,1954,6 1949年後,典契,conditional sale (典),東山縣城關區第壹街門牌106號 土名三仙洞,東山縣,福建,東山縣,屋壹座 (平房 三間) 面積零畝零分柒厘零毫,典價人民幣捌拾萬元,800000,人民幣(舊幣)元,人民幣舊幣,人民幣貳萬肆千元,high,"Private 典契 + 福建省人民政府公定典契紙 + 2 繳款書 (1954-8-11: 契稅 24,000; another fee 陸仟(?)元). 典期 to 1960-12-25 (陸年零?個月).",4
pitt:31735066268024,https://digital.library.pitt.edu/islandora/object/pitt%3A31735066268024,"Box 4, Folder 210",Owner: 楊世平 [YANG Shiping] and 陳道祥 [CHEN Daoxiang] -- Place: 福建省順昌縣 [Fujian Sheng Shunchang Xian] -- Government,Government,1978,78.5.14,1978,6 1949年後,其他 (證明信),other,顺昌县元坑公社红星造纸厂,順昌縣,福建,順昌縣,,,,,,,high,"Factory letter of introduction (杨世平/陈道祥 travel to purchase), not a land document.",1
pitt:31735064607603,https://digital.library.pitt.edu/islandora/object/pitt%3A31735064607603,"Box 4, Folder 211",Place: 福建省 [Fujian Sheng] -- Government,Government,,,,0 無年份,實測戶地圖,certificate,福建省會第三區第二十段第三四?號宅地,閩侯縣,福建,福州核心(閩/侯官/閩侯/林森),宅地 0畝0分八厘一毫,,,,,,medium,"Cadastral survey map (所有權狀 程字第三二三號?); stamp 國家經租 台江區人民委員會 (PRC-era, Fuzhou). No price. County = Fuzhou city area.",1
pitt:31735066266465,https://digital.library.pitt.edu/islandora/object/pitt%3A31735066266465,"Box 4, Folder 213",Seller: 吳秉鑒 [WU Bingjian] -- Buyer: 謝 [XIE] -- Place: 福建省閩縣 [Fujian Sheng Min Xian] -- Government,Government,,,,0 無年份,轉典契,conditional sale (典),閩邑錦江鋪灰爐頭地方,閩縣,福建,福州核心(閩/侯官/閩侯/林森),厝屋壹槲五柱,原典契面錢叁拾千文 外貼修理錢貳千文 共成叁拾貳千文,32000,文(銅錢),銅錢(文),,medium,吳東鑑 → 謝 (轉典). Father had 典得 from 鄭家 in 嘉慶二年 (1797) for 價錢叁拾貳千文(?). No date visible on deed; 典期 展限捌年.,1
pitt:31735066268032,https://digital.library.pitt.edu/islandora/object/pitt%3A31735066268032,"Box 4, Folder 214",Place: 福建省閩侯縣 [Fujian Sheng Minhou Xian],Place: 福建省閩侯縣 [Fujian Sheng Minhou Xian],,,,0 無年份,其他,other,福建省閩侯縣上街公社沙堤大隊,閩侯縣,福建,福州核心(閩/侯官/閩侯/林森),,,,,,,high,"Not a land document: firecracker wrapper label (連庄鞭炮) of 閩侯縣上街公社沙堤鞭炮廠, commune era (c. 1958-1970s).",1
